v3_id,restaurant_name,street_address,legacy_v1_id
561,Aahar The Taste of India,1573 Alta Vista Drive,781
841,All Out Burger,3091 Strandherd Dr.7,1088
924,All Out Burger Bank St.,2560 Bank Street,1013
948,All Out Burger Gladstone,714 Gladstone Avenue,1038
949,All Out Burger Montreal Rd,585 Montréal Road,1071
735,Amicci Pizza,2 Boulevard Louise-Campagna,973
607,Aroy Thai,1 Rideaucrest Drive,830
630,Asia Garden Ottawa,886 Dynes Road,856
69,Aylmer BBQ,134 rue Principale,183
241,Beneci Pizza,4 Lorry Greenberg Dr,383
45,Bobbie's Pizza & Subs,1443 Ogilvie Rd,143
124,Carlo's Pizza,60 Harmer Ave,246
72,Cathay Restaurants,1423 Woodroffe Ave,187
131,Centertown Donair & Pizza,422 Bronson Ave,255
87,Champa Thai Cuisine,193 King Edward Ave,203
943,Charm Thai Cuisine,121 Preston Street,323
641,China Moon,273 boul. St-René Ouest,869
783,Colonnade Pizza,1500 Bank St,1025
784,Colonnade Pizza,2140 Carling Ave,1027
785,Colonnade Pizza,896 Greenbank Rd,1028
196,Colonnade Pizza,280 Metcalfe,334
584,Crispy's,1433 Woodrofe,805
806,Crispy's Bank Street,2446 Bank Street,1050
816,Dépanneur Généreux,428 Rue Généreux,1060
638,Digby's Restaurant,300 Earl Grey Dr,865
792,Dumpling Bowl,730 Somerset,1035
28,Eastview Pizza,251 Montreal Rd,124
511,Egg Roll Factory,261 Centrepointe drive,716
211,Erman Pizza,3628 av des Églises,350
730,Friendly Restaurant and Pizzeria,1756 Laurier St,968
105,Ginkgo Garden,2225 St Laurent Blvd,224
815,Golden Center Pizza,600 Rideau Street,1059
736,Greber Pizza et Shawarma,761 Boulevard Saint-Joseph,974
519,HaNoi Pho,4312 Innes Road,727
160,Hong Kong Chinese Food Takeout,800 Hunt Club Rd,294
22,House of Lasagna,984 Merivale Rd,117
119,Hung Mein,2567 Baseline Rd,239
479,iCook Pho You,2006 Robertson Rd,669
7,Imilio's Pizzeria,110 Bearbrook Rd,89
180,Indian Punjabi Clay Oven,6-4055 Carling Ave.,318
646,JC Royal Thai Cuisine,100 Jamieson Pkwy Unit 11,874
328,JN Pizza,1663 Cyrville Rd,489
636,Joes Family Pizzeria,284 Pembroke St W,863
798,Kabylie Pizza,355 Bd Gréber,1042
44,Kiki Lebanese Pineview Pizza,2045 Meadowbrook Rd,142
727,La Maison du Burger,574 Boulevard Saint-Joseph,965
721,La Maison Pho,4 Rue Belmont,959
825,La Nawab V2,1 Rue Cholette,1070
715,La Poutinerie Ogilvie,1443 Ogilvie Rd,952
1010,Lemongrass Thai Cuisine,331 Elgin St,219
491,Light of India,730 Bank St,695
756,Little Gyros Greek Grill,10 Townsend Drive,998
77,Lorenzo's Pizzeria - Vanier,94 Montreal Rd,192
267,Lucky Fortune,1970 Trim Rd,413
174,Lucky King Take Out,1134 Cadboro Rd,312
8,Lucky Star Chinese Food,1615 Orleans Blvd.,90
12,Mama Rosa,375 Des Epinettes Ave,94
118,Mano City Pizza,5511 Manotick Main St,238
614,Marina Pizza des Flandres,22 des Flandres,838
48,Merivale Pizza & Wings,1610 Merivale Rd,146
842,Milano,178 King St E,1089
55,Milano,1234 Merivale Rd Unit 3,161
190,Milano,6179 Perth St.,328
565,Milano,4188 Spratt Rd,785
569,Milano,2529 Baseline,789
586,Milano,81 Madawaska Street,807
601,Milano,1589 Main St,824
624,Milano,350 St-Philippe Street,850
651,Milano,2 Woodfield Dr,879
660,Milano,54 Wilson St W,889
593,Milano,1824 Beachburg,815
680,Milano,643 Boulevard Saint-René O,913
701,Milano,147 Main Street Unit 3,937
31,Milano,876 Montreal Rd.,127
57,Milano,3848 Innes Rd,164
59,Milano,385 Tompkins Ave,172
75,Milano,2430 Bank St,190
88,Milano,14 Main St E,204
89,Milano,777 Principale St,205
90,Milano,3796 Champlain Rd,206
91,Milano,339 Dalhousie St,207
92,Milano,2241 St Laurent Blvd,208
93,Milano,990 River Rd,209
95,Milano,3050 Woodroffe Ave,211
97,Milano,2600 County Rd 43,213
349,Milano,5516 Osgoode Main S,512
350,Milano,506 Main St W,513
123,Milano,26 Bridge St,245
126,Milano,471 Hazeldean Rd,248
749,Milano,105 Broadway West,987
751,Milano,455 Boulevard Riel,989
265,Milano,2 Pembroke St ( Highway 17 ),411
818,Milano,2609 Laurier St,1062
819,Milano,6594 4th Line Rd,1063
821,Milano,83 Mill Street,1065
835,Milano,1216 Bank St,1082
837,Milano,6500 Russell Road,1084
840,Milano,1896 Prince of Wales,1087
205,Mont Liban Bakery & Shawarma,351 Montreal Rd,344
1011,Mozza Pizza Gatineau,425 boul La Vérendrye E,132
644,Mozza Pizza Hull,214 Boul de la Cité-des-Jeunes,872
47,Mr Mozzarella - Nepean,1433 Woodroffe Ave,145
845,Mykonos Greek Grill,6594 Fourth Line Rd,1092
846,Mykonos Greek Grill,2600 County Rd 43,1093
801,Nachos Loco Gatineau,643 Boulevard Saint-René O,1045
790,Nachos Loco Hull,455 Boulevard Riel,1033
515,Napolis,81 Richmond Rd,721
502,New Hong Kong,1433 Woodroffe Ave,707
15,New Mee Fung Restaurant,350 Booth St,101
234,New Mukut Restaurant Indian Cuisine,1968 Portobello Blvd,374
65,Number One Chinese Take Out,988 Wellington St,179
714,Ogilvie Pizza,631 Montreal Rd,951
807,Oh My Grill,169 York St,1051
681,Oka's Hull,1030 Boulevard Saint-Joseph,914
245,Orchid Sushi,445 Laurier Ave W,387
521,Palermo Pizzeria,25 Tapiola Cres,729
797,Papa Burger,22 rue des Flandres,1041
822,Papa Burger Maloney,253 Boul Maloney E,1066
810,Papa Grecque Cantley,393 Montée de la Source,1054
540,Papa Grecque des Flandres,22 rue des flandres,758
616,Papa Grecque Maloney,253 Boul Maloney,840
437,Papa Joe's Fried Chicken - Downtown,527 Bronson Ave,612
13,Papa Joe's Pizza - Downtown,527 Bronson Ave,95
70,Papa Pizza - Hull,574 boul Saint-Joseph,184
602,Papa Pizza Cantley,393 Montée de la Source,825
795,Papa Pizza Chem. de Masson,855 Chem. de Masson,1039
1012,Papa Pizza Des Flandres,22 rue des Flandres,231
1013,Papa Pizza Maloney,253 boul Maloney,346
1014,Papa Pizza Val-Des-Monts,1797 rte du Carrefour,703
712,Patate Lou Lou,29 Chemin Eardley,948
199,Pho Bo Ga King - Somerset,778 Somerset St W,337
147,Pho Dau Bo Restaurant - Kitchener,685 Fischer Hallman Rd Unit G,280
139,Pizza Bravo,108 boul Lorrain,264
562,Pizza des Hautes Plaines,760 Boulevard des Hautes-Plaines,782
726,Pizza Joanna,229 Boulevard Saint-René Ouest,964
507,Pizza Lovers Hunt Club,800 Hunt Club Road,712
696,Pizza Maisonneuve,574 Boulevard Saint-Joseph,930
829,Pizzalicious,1009 Merivale Rd,1074
716,PizzaRama,253 boul Maloney,953
1015,Poutinerie Québecurds Gatineau,643 Boulevard Saint-René O,1046
789,Poutinerie Québecurds Hull,455 Boulevard Riel,1032
824,Prima Pizza,26 Northside Road,1069
497,Rangoli,2491 St-Joseph Blvd,701
109,Restaurant Chez Gerry,9 rue Therien,228
106,Restaurant Le Choix,139 rue Principale,225
133,Riverside Pizzeria,3679 Riverside Dr,257
1016,Roulas Grecque et Pizza,245 rue de Cannes,173
376,Sachi Sushi,4931 rue Beaubien E,542
745,Sala Thai,2666 Alta Vista Dr,983
83,Season's Pizza,725 Somerset Street West,199
269,Shaan Tandoori,2550 boul Lapinière,415
836,Souvlaki Souvlaki,1216 Bank St,1083
711,Supreme Pizzeria,380 Chemin Vanier,947
595,Supreme Pizzeria,425 Donald St,817
1017,Sushi Express Chambly,886 ch de Chambly,511
596,Sushi Fleury,2481 Fleury Est,818
847,Sushiyana,34 boul mont bleu,1094
84,The Original Georgie's,1661 Carling Ave,200
941,Ting's Kitchen,3-701 Eagleson Road,694
143,Tony's Pizza,7772 Jeanne d'Arc Blvd,275
62,Vanier Pizza & Subs,201 Marier Ave,175
820,Vieux Hull Pizza,574 boul Saint-Joseph,1064
367,Xtreme Pizza,125 Preston St,532
985,Yorgo's - Nepean,1356 Clyde Ave,547








