v2_id,v1_id,name,address
1,,RDFYjolff,3137 Laguna Street
1025,72,Wok Bistro Noodles Bar and Grill (TEST),1615 Orleans Blvd. 
1026,73,Sushi Help (TEST),600 Terry Fox Drive
1027,79,Oriental Chu Shing Restaurant,691 Somerset St W
1028,81,Pizza Shark,569 Gladstone
1029,82,Cedar Valley,1615 Orleans Blvd.
1030,87,Kanata Noodle House,500 Hazeldean Rd
1031,,Imilio\'s Pizzeria,110 Bearbrook Road
1032,90,Lucky Star Chinese Food,1615 Orleans Blvd.
1033,91,Ho Ho Restaurant,875 Richmond Rd
1034,92,Salito Gourmet Specialty Pizza (DROPPED),223 Laurier Avenue East
1035,93,Hello Sushi Man,3885 Innes Road
1036,94,Mama Rosa,375 Des Epinettes Ave
1037,95,Papa Joe\'s Pizza - Downtown,527 Bronson Ave
1038,96,Kal\'s Place Restaurant,5517 Hazeldean Rd
1039,101,New Mee Fung Restaurant,350 Booth St
1040,109,Papa Joe\'s Pizza - Greely & Findlay Creek,5669 Bank St
1041,,Papa Joe\'s Pizza - Alta Vista,1574 Walkley Rd
1042,111,Papa Joe\'s Pizza,127 Bridge St
1043,,Milano,1143 Baxter Rd
1044,113,Gladstone Golden Grill (Dropped),523 Gladstone Ave
1045,,Pizza Lime,277  Bank St. Ottawa
1046,117,House of Lasagna,984 Merivale Rd
1047,118,Pita Pit,373 Dalhousie St
1048,120,Villa Pizzeria N The Greek Place,1009 Merivale Rd
1049,121,Mandarin Court ( closed sold),1374 Baseline Rd
1050,122,Hungry Sammys(sold),4000 Bridle Path Dr
1051,123,New Shawarma King,530 Rideau St
1052,124,Eastview Pizza,251 Montreal Rd
1053,125,Pizza Palace And Cafe (dropped),411 McArthur Ave
1054,126,Vanier Grill,159 Montreal Rd
1055,127,Milano,876 Montreal Rd.
1056,128,Golden Crust Pizzeria,353 St Laurent Blvd
1057,130,Bien Pho Vietnamese and Thai Cuisine,5929 Jeanne D\'Arc Blvd S
1058,131,Pizza Express Extra,"175, boul Maloney E"
1059,132,Mozza Pizza,"425, boul La Vérendrye E"
1060,133,Taj Indian Cuisine,3009 Carling Ave
1061,134,House of Pizza,6505 Jeanne D\'Arc Blvd. N.
1062,135,Preston Pizza (CHANGED TO XTREME PIZZA),125 Preston Street 
1063,136,Lemon Grass Thai Food,1055 Somerset St W
1064,137,Yang Sheng Restaurant,662 Somerset St W
1065,138,East India Co,210 Somerset St W
1066,140,Cypress Garden,937 Carling Ave
1067,,Liu\'s Cuisine,3570 Strandherd Dr
1068,142,Kiki Lebanese Pineview Pizza,2045 Meadowbrook Rd
1069,143,Bobbie\'s Pizza & Subs,1443 Ogilvie Rd
1070,144,Koi Asia (CLOSED),2006 Robertson Rd
1071,145,Mr Mozzarella - Nepean,1433 Woodroffe Ave
1072,146,Merivale Pizza & Wings,1610 Merivale Rd
1073,,Mom\'s Chicken ( closed),2795 St. Joseph Blvd
1074,151,Shawarma House,3059 Carling Ave
1075,153,Dino\'s & Donald\'s Pizza,425 Donald St
1076,154,Wing Hing Chinese Food,2 Woodfield Dr
1077,155,Greekos,1224 Shillington Ave
1078,157,House of Pizza,1574 Walkley Rd
1079,161,Milano,1078 Merivale Rd
1080,162,House of Pizza,747 Richmond Rd
1081,164,Milano,3848 Innes Rd
1082,171,Greekos Souvlaki & Pizza (closed),25 Tapiola Cres
1083,172,Milano,385 Tompkins Ave
1084,173,Opa\'s,"245, rue de Cannes"
1085,174,Joe\'s Pizza and Subs,68 Wylie Ave
1086,175,Vanier Pizza & Subs,201 Marier Ave
1087,177,Mr Mozzarella York,169 York St
1088,178,Willie\'s Chinese Food,2908 St. Joseph Blvd
1089,179,Number One Chinese Take Out,988 Wellington St
1090,180,Elegant Pizza (Dropped),250 Centrum Blvd
1091,,Milano,2 Woodfield Dr
1092,182,Pizzeria Riverview,117 Rue Front
1093,183,Aylmer BBQ,"134, rue Principale"
1094,184,Papa Pizza - Hull,"574, boul Saint-Joseph"
1095,186,Shawarma and Souvlaki House,1730 Montreal Rd
1096,187,Cathay Restaurants,1423 Woodroffe Ave
1097,188,Naked Fish Sushi,342 Richmond Rd
1098,189,Moe\'s Famous Pizza,102B McEwen Ave
1099,190,Milano,2430 Bank St
1100,191,Benji\'s Vietnamese Cuisine (closed),2750-B Iris St
1101,192,Lorenzo\'s Pizzeria - Vanier,94 Montreal Rd
1102,193,House Of Georgie - \'Sorento\'s\,211 Gilmour St
1103,194,Le Maillon Restaurant(sold),"408, boul La Vérendrye E"
1104,195,Pizza la Cite,"455, boul Riel"
1105,197,Lunasole Restaurant & Bar (Dropped),5935 Jeanne D\'Arc Blvd S
1106,198,Wei\'s Noodle House,726 Somerset St W
1107,,Season\'s Pizza,826 Somerset St W
1108,200,The Original Georgie\'s,1661 Carling Ave
1109,201,Festival Japan,149 Kent Street
1110,202,Popeye The Chef ( closed),2241 St Laurent Blvd
1111,203,Champa Thai Food,193 King Edward Ave
1112,204,Milano,14 Main St E
1113,205,Milano,777 Principale St
1114,206,Milano,3796 Champlain Rd
1115,207,Milano,339 Dalhousie St
1116,208,Milano,2241 St Laurent Blvd
1117,209,Milano,990 River Rd
1118,210,Milano,44 Seneca St
1119,211,Milano,3050 Woodroffe Ave
1120,212,Pho Thu Do (dropped),3987 Riverside Dr
1121,213,Milano,2600 County Rd 43
1122,215,Milano,335 Montreal Rd
1123,216,do_not_delete,600 terry fox drive
1124,,Bento Sushi,606 Rideau St
1125,218,Mukut Indian Restaurant,610 Rideau St
1126,219,Lemon Grass Restaurant,331 Elgin St
1127,221,Golden India,408 McArthur Ave
1128,223,Spice Express,1128 Cadboro Road
1129,224,Ginkgo Garden,600 Terry Fox Drive
1130,225,Restaurant Le Choix,600 Terry Fox Drive
1131,226,La Bella Pizza,600 Terry Fox Drive
1132,227,Familia Pizza,600 Terry Fox Drive
1133,228,Restaurant Chez Gerry,600 Terry Fox Drive
1134,229,Pizza Mia,600 Terry Fox Drive
1135,,Paesano\'s Pizzeria,500 Old St Patrick St
1136,231,Papa Pizza - Gatineau Ouest,"22, rue des Flandres"
1137,232,New Hong Shing,285 Greenbank Rd
1138,234,Restaurant Laspézia Café,"147, boul d\'Europe"
1139,235,Chillies Indian Restaurant,1581 Greenbank Rd
1140,236,El Greko,201 rue Eddy
1141,,Shawarma\'s King,395 Bank St
1142,,Milano City Pizza,5511 Manotick Main St
1143,239,Hung Mein,2567 Baseline Rd
1144,,Piper\'s Pizzeria Bar & Grill,1133 St Laurent Blvd
1145,241,Shawarma Rosana,2219 Arch St
1146,242,Chez Gaston Shawarma(stopped delivery),195 Rue Principale
1147,245,Milano,26 Bridge St
1148,246,Carlo\'s Pizza,60 Harmer Ave
1149,247,Roma Pizzeria,1 Rue Hobin Unit 5
1150,248,Milano,471 Hazeldean Rd
1151,249,Restaurant Basha,"73, boul de la Gappe"
1152,251,Lac Vien Vietnamese Restaurant,1580 Dundas St
1153,,Shogun Japanese Steak House & Sushi Bar,1671 Carling Ave
1154,254,Gio Pizza,1896 Prince of Wales Dr
1155,255,Centertown Donair & Pizza,422 Bronson Ave
1156,256,Shawarma De Roza,1896 Prince of Wales Dr
1157,257,Riverside Pizzeria,3679 Riverside Dr
1158,258,Sawa Sushi,250 Centrum Blvd
1159,259,Malone\'s Lakeside Bar & Grill(dropped),1001 Queen Elizabeth Drive
1160,260,Buffalo Bill,1440 Rue de l\'Eglise
1161,262,Pho Dau Bo Restaurant - North York (dropped),4-2437 Finch Ave W
1162,263,Planet Pizza,1009 Merivale Rd
1163,264,Pizza Bravo,"108, boul Lorrain"
1164,265,Pho Kinh Do Vietnamese Thai,650 Woodlawn Rd W
1165,273,Golden Bowl Restaurant,1598 Cyrville Rd
1166,274,House of Greek (dropped),1200 Prince of Wales
1167,275,Tony\'s Pizza,7772 Jeanne d\'Arc Blvd
1168,276,Paradise Shawarma,1441 Ogilvie Rd.
1169,277,Pho Viet 24 (dropped),3415 Dixie Rd Unit 4A
1170,278,Pho Lien Hung,1300 Finch Ave W
1171,280,Pho Dau Bo Restaurant - Kitchener,"685 Fischer Hallman Rd, Unit G"
1172,281,Lorenzo\'s Pizzeria - Pinecrest (closed),1105 Cobden Rd
1173,283,Porteree Pub & Restaurant (closed dropped),583 College St.
1174,284,Miki\'s Pizzeria (Dropped),26 Northside Rd
1175,285,Rosabella Pizza (dropped changed to yessen),2895 Bank St
1176,286,Pho Xua,1768 St. Clair Ave W
1177,287,Basmati,373 Somerset St W
1178,288,Habaybna  (dropped),1581 Bank Street
1179,289,Shawarma Rayan (DROPPED),1611c Bank Street
1180,290,Nhu Lan (dropped),1949 Finch Ave W. Unit C
1181,291,Shawarma Station,2446 Bank St
1182,292,Silk Road Kabob House - Kanata ( closed),4055 Carling Ave Unit 3
1183,293,Ariana Kabab House(dropped),2677 Alta Vista Road
1184,294,Hong Kong Chinese Food Takeout,800 Hunt Club Rd
1185,295,OpenRice Asian Fusion & Lounge,1755 St Laurent Blvd
1186,,King Wok,3891 Innes Rd
1187,297,Buffalo Bills Wings Laval,87 Boulevard des Laurentides
1188,298,Lac Vien Vietnamese Restaurant - Scarborough,2270 Markham Rd
1189,299,Lac Vien Vietnamese Restaurant,141 Cartwright Ave
1190,300,Toto Pizzeria Lachine(DROPPED),1380 Notre Dame
1191,303,Colonnade City Pizza,2564 St. Joseph Blvd
1192,,Hockey Sushi ,4055 Carling Ave
1193,305,Urban Turban,591 March Rd
1194,306,Winner House,1 Tartan Drive
1195,307,La Shish (dropped),1383 Clyde Ave
1196,308,Gloria\'s Pizza,1588 Walkley Rd
1197,310,Pho Com Vietnam (moved dropped),1991-A Finch Ave W
1198,311,Hao Sushi (On Hold),1580 Merivale Rd
1199,312,Lucky King Take Out,1134 Cadboro Rd
1200,313,Indian Biriyani House,1589 Bank St
1201,314,Brother Wu,1060 St Laurent Blvd
1202,315,Jwaya (DROPPED),5831 Boul. Monk
1203,,Red Chili Garden,178 McArthur Ave
1204,317,Pho Orchid,124 Chestnut St
1205,318,Indian Punjabi Clay Oven,6-4055 Carling Ave.
1206,319,Al-Amine (DROPPED),3549 Av Lacombe
1207,320,Metro Pizza (dropped),4886 Boul. Saint Charles
1208,321,Forno\'s Pizzeria (Dropped),683 Bronson Ave
1209,322,Eastern City Restaurant (sold),2701 St Joseph Boul
1210,323,Vietnamese Noodle House,121 Preston St
1211,,Zeewan Eatery,2916 Carling Ave
1212,325,Pavarazzi,491 Somerset St W
1213,,Al\'s Diner,834 Clyde Ave
1214,327,Lai Lai Chinese Food,449 McArthur Ave
1215,328,Milano,5925 Perth St.
1216,329,Jardin Thai ( dropped),"270, boul Labelle"
1217,330,Pizza Dorval Express (dropped),"208, ave Dorval"
1218,331,test,
1219,332,Silk Road Kabob House,1021 Cyrville Rd
1220,333,Chez Antonio Restaurant(sold now chez villa),"30, rue de Valcourt, unité 30"
1221,334,Colonnade Pizza,461 Hazeldean Rd
1222,335,Aahar The Taste of India,727 Churchill Ave
1223,336,Wing Wah Take Out & Delivery (closed),261 Centrepointe Dr
1224,337,Pho Bo Ga King - Somerset,778 Somerset St W
1225,339,El-Indio Inc (CLOSED),1 Rideaucrest Drive
1226,340,Cheezy Pizza & Pasta,111 Albert St
1227,341,Tandoori Fusion,2130 Robertson Rd
1228,342,Chez Raffino (DROPPED),"4742, ch de la Cote-des-Neiges"
1229,343,Du Barry Restaurant (CLOSED),"343, boul Greber"
1230,344,Mont Liban Bakery & Shawarma,351 Montreal Rd
1231,345,Maximo\'s Pizza & Donair (dropped sold ),11729 Jasper Ave
1232,346,Papa Pizza - Gatineau Est,"257, boul Maloney"
1233,347,Buffalo Bill Wings Montreal,5248 ch Queen Mary
1234,348,Buffalo Bill,232 Rue Jean Talon Ouest
1235,349,Pizz\'Ami (dropped),"2266, ch de Chambly"
1236,350,Erman Pizza,"3628, av des Églises "
1237,351,Roma Pizza and Donair (DROPPED),11819 40 Ave NW
1238,352,Poukham Thai Cuisine ( closed ),110 rue Eddy
1239,353,Pizza Test,123 rue Saint Pas-Vrais
1240,354,Istanbouli Shawarma House,81 Holland Ave
1241,355,Willy\'s Pizza (DROPPED),1315 Richmond Road
1242,356,Pizza Welat (DROPPED),2182 Marie-Victorin
1243,357,Lees Greek & Pizza,106 - 180 Lees Ave
1244,358,Greco on Bank,212 Bank St
1245,359,Pho Tien Phat (dropped),2133 Jane St
1246,360,Carlsbad Pizza (dropped),6500 Russell Rd
1247,361,Express Asian Food (Changed to A Plus sushi),202 Bank St
1248,362,2 for 1 Pizza,320 Bank St
1249,364,La Famiglia Pizza,1555 O\'Connor Dr
1250,365,Dana\'s Indian Cuisine,101 - 340 Queen St 
1251,366,Old Man Pizza (DROPPED) ,223 Jameson Ave. 
1252,367,Willy\'s Pizza,3023 Cedarview Rd
1253,368,Restaurant Da Gunes (DROPPED),"233, boul. St-Anne"
1254,369,Tandoori Raj (DROPPED),689 E65th Avenue 
1255,370,Pizza Crave (DROPPED),"244, 70 Shawville Blvd"
1256,,Ceylonta - Somerset,403 Somerset St W
1257,372,Bar Burrito Downtown (HOLD),176 Rideau St
1258,373,Ever Afters,319 Rideau St
1259,374,New Mukut Restaurant Indian Cuisine,1968 Portobello Blvd
1260,375,Pita Pizza plus Kebob King ( Replaced),291 Queen Mary St
1261,376,Bangkok Thai Garden,370 Dalhousie St
1262,,Pho by Night - Sweet Art,309 Dalhousie St
1263,,Angelo\'s,303 St-Patrick St
1264,379,Aunty Rosa (closed),"1025, boul du Seminaire N"
1265,380,Tassot Creole,"3005, boul Taschereau"
1266,383,Beneci Pizza,4 Lorry Greenberg Dr
1267,384,Stuffed Burgers & Pizza,912 St Laurent Blvd
1268,385,Pasta Tutti Giorni (dropped),
1269,386,Wontonmama (CLOSED),109 Clarence St
1270,387,Orchid Sushi,445 Laurier Ave W
1271,389,Pizzéria Parenteau PJ,"2630, rue Dessaulles"
1272,391,Restaurant Mario\'s,"157, rue Saint-Jacques"
1273,,Le Tandoor,"1555, boul Provencher"
1274,394,La Rumeur,"3140, ch de Chambly"
1275,395,Le palais des sous marins et pizza,"2860, rue de lyon"
1276,396,Milano,50 Main Street S
1277,,Hokkaido Sushi,272 Dalhousie St
1278,398,Pappas Souvlaki  (dropped),"380, Route 132, St-Constant Suite 220"
1279,399,Grand Tandoori (DROPPED),Grande Allee
1280,400,Basha La Prairie (Dropped),1016 Boulevard Taschereau
1281,401,Greek Express (DROPPED),3018 St Joseph Boulevard
1282,402,Forest Hill Pizza,868 Eglington Ave W.
1283,404,Pho Haven,2900 Woodroffe Ave
1284,405,3 for 1 Pizza (Closed),62 Main St
1285,406,Sushi Presse,"6497, rue Beaubien Est"
1286,407,Medina Fried Chicken,170 Lees Ave
1287,408,CasaLuna Pizza(quit),173 Hinchey Ave
1288,409,Pure Joy Sushi & Bubble Tea,2010 Trim Rd
1289,410,Milano Pizzeria (DROPPED),49 Raglan S
1290,411,Milano,2 Pembroke St ( Highway 17 )
1291,412,Ambala,600 Terry Fox Drive
1292,413,Lucky Fortune,1970 Trim Rd
1293,414,Le Ming Chuan (Dropped),"8200, boul tashereau"
1294,415,Shaan Tandoori,"2550, boul Lapinière"
1295,416,Fat Albert\'s,245 Laurier Ave
1296,417,Sushi Presse LaSalle (dropped closed),"7763, boul Newman"
1297,,Basha Mont-Saint-Hilaire,272 boul Sir-Wilfrid-Laurier
1298,419,Sous Le Palmier,"2038, rue Lapierre"
1299,421,Michelle BBQ,"3753, rue Ontario E"
1300,422,Basha (Van Horne),"2685, avenue Van Horne"
1301,423,Basha (Des Laurentides) (dropped) click my resto,"1040, boulevard des Laurentides"
1302,424,I Went to Philly Yonge (DROPPED),
1303,425,Parti Pizza,267 Greenbank Rd
1304,426,Mr. Chopsticks,9-4055 Carling Ave 
1305,427,Taco Loco (dropped for clique my slice),"173, rue Saint Hubert"
1306,428,Pizza Tomato (DROPPED CLOSED),"4319, rue St-Denis"
1307,429,Ocean Sushi,"3751, rue Saint Urbain"
1308,,Amir Dorion,"470, boul Harwood"
1309,431,Mysore (Brossard) Dropped Closed down,"8200, boulevard Taschereau"
1310,432,Thali,"161, rue Ontario Est"
1311,433,Amir Saint-Lazare,"2673, côte Saint Charles local 204"
1312,434,Amir Vaudreuil,"48, boul de la Cité-des-Jeunes"
1313,436,Amir Vimont,"2157, boul des Laurentides"
1314,438,India Cafe,30 Byward Market
1315,439,Miso Japanese Cuisine,132 Bank St
1316,441,1 for 1 Pizza,4025 Innes Rd
1317,442,Chester\'s Country Fried Chicken( Changed to PFC)_,1574 Walkley Rd
1318,443,Chester\'s Country Fried Chicken(changed to pfc),527 Bronson Ave
1319,447,Café Asia,1828 ave du Mont-Royal E
1320,448,Yaseen Halal Pizza - Bank,2895 Bank St
1321,449,Marble Slab Ottawa,773 Bank St
1322,450,Pili Pili Grilled Chicken (dropped),355 Montreal Rd
1323,451,Fat Albert\'s,1571 Bank St
1324,452,Fat Albert\'s ,2946 Baseline Rd
1325,453,Fat Albert\'s,1990 Russell Rd
1326,,Ramigab,3915 Champlain Rd
1327,455,La Porte de L\'Inde,"5195, boul Saint-Laurent"
1328,457,Happy Sushi,2143 Danforth Ave
1329,458,Classico Louie\'s Pizzeria,2549 Yonge St
1330,,Indira\'s Caribbean Spot,937 Danforth Ave
1331,460,Kothu Rotti,408 Dalhousie Street
1332,,Grazie Kitchen and Pizza,2006 Robertson Rd
1333,462,Mysore Plateau (dropped),"4216, boul Saint-Laurent"
1334,463,Sababa Grill (dropped closed),"4403, boul St-Laurent"
1335,464,Yum Yum,2754 Danforth Street
1336,466,Green Lady,1176 Danforth Ave
1337,468,Madina Pizza (dropped),1078 Danforth Ave
1338,469,The Big Slice Pizza (dropped),385 Yonge St
1339,470,La Bella Managua (dropped),872 Bloor St W
1340,471,Dolmades ( closed for business),460 Bronson Ave
1341,,TCJ Restaurant,64 B Queen St E
1342,473,European Pizza and Shawarma,6-461 Park Rd S
1343,,Chicken\'licious,2789 Danforth Ave
1344,475,Little Saigon ( closed ),"7163, rue Saint-Hubert"
1345,476,Amato (dropped ),429A Yonge St
1346,477,Fat Albert\'s (closed),915 Watters Rd
1347,483,Fat Albert\'s,5303 Canotek Rd
1348,484,Corrado\'s Authentic Italian Cuisine(dropped),471 Cosburn Ave
1349,485,Mackies Burger ( closed for business),460 Bronson Ave
1350,486,New York Pizza & Donair,9715 118 Ave
1351,487,Solymar ( dropped closed),"7610, rue Saint-Hubert"
1352,488,Mekong Restaurant (quit),637 Somerset St W
1353,489,JN Pizza,1663 Cyrville Rd
1354,490,Louis Steak House & Pizza(dropped),1682 Cyrville Rd
1355,492,Chef De La Maison Roti,"1605, rue Dollard"
1356,493,Sushi Style,80 A Dundas St E
1357,,Basha (Monkland),5751 Av de Monkland
1358,,The Portuguese Chicken Guys,898 College St
1359,496,Basha La Jeunesse (dropped),
1360,497,Sushi 930,930 King St W
1361,498,Sushi Xtra,423 Queen Street West
1362,499,One of a Kind Pasta & Grill ( closed ),746 Queen St W
1363,500,Ju Xiang Yuan ( dropped),641 Somerset St W
1364,,Bai Du Sushi,600 Terry Fox Drive
1365,502,Café Saffron,195 Kent St
1366,504,Urban Tandoor,2194 Robertson Rd
1367,505,Ricardo\'s Pizza (dropped),267 Bay St
1368,506,Namaste India ,1300 Bank St
1369,507,Carolina\'s Cuisina,600 Terry Fox Drive
1370,508,I Love Sushi,4944 Dundas St W
1371,509,Thai Plus,354 Rideau St
1372,510,Restaurant Anne (dropped),"2525, rue Provost"
1373,511,Sushi Express Fantasia,886 ch de Chambly
1374,512,Milano,5516 Osgoode Main S
1375,513,Milano,506 Main St W
1376,514,Les Délices d\'Ali,"33, rue Gamelin"
1377,515,Papa Ceo Fine Italian Foods & Pizza (dropped),654 Spadina Ave
1378,516,New Sushi Island,571 College St
1379,517,The Kathi Roll Express - Yonge St,692 Yonge St
1380,,Sushiya,"1950, ch du Fer à Cheval"
1381,519,Wow Sushi,"50, rue Rachel E"
1382,,Tap Tap Express,"1820, ch de Chambly"
1383,521,Boar n Wing (dropped),5164 Dundas St W
1384,523,Miyuki Sushi Bar,"2778, boul Jacques Cartier"
1385,524,La Belle Époque (dropped),"6250, boul Cousineau"
1386,525,Resto Miramar (dropped),"5250, rue Jarry E"
1387,527,Pizza Rive-Sud,"5836, ch de Chambly"
1388,528,Cafe Bistro Ohayo (closed),4905 Boulevard Lapiniere 1700
1389,529,Beer Man and Liquor Lady,123 fake st
1390,530,Sushi Kampai,"37, route 132"
1391,531,Ici Express,5560 boul Grande Allée
1392,532,Xtreme Pizza,125 Preston St
1393,533,Baja Grill,1001 Queen Elizabeth Dr
1394,534,Aji Sushi (DROPPED),"1421, ch Gascon"
1395,535,Milano (closed),11 Windsor Dr
1396,537,303 Fusion Kitchen (dropped),4413 17 Ave SE 
1397,538,Eat-a-Pita (dropped),2-4602 17 Ave SE
1398,539,Reece\'s Pizza,1A-5268 Marlborough Dr NE
1399,540,Suisen Sushi - Pho lam Ici,"2641, rue Masson"
1400,541,Restaurant O\'Wok,"6078, ch de Chambly"
1401,542,Sachi Sushi,"4931, rue Beaubien E"
1402,543,Minato closed,"4260, rue Beaubien E"
1403,544,Western Style Chicken and Pizza ( dropped),5320 8 Ave SE
1404,,Casse-Croûte Québec,"214, boul Churchill"
1405,546,Restaurant Mazaj (Dropped),"8265, boul Taschereau"
1406,547,Yorgo\'s - Nepean,1356 Clyde Ave
1407,548,Capital City Smokehouse ( closed),2900 Woodroffe Ave
1408,549,Yorgo\'s - Barrhaven,3780 Fallowfield Rd
1409,550,New Town Chinese Food,1022 Pleasant Park Rd
1410,,Via613,1577 Alta Vista Dr
1411,552,Dominican Express(sold),3018 St Joseph Blvd
1412,553,Pizza Lovers Laurier,223 Laurier Ave E
1413,554,Glebe Indian Cuisine,589 Bank St
1414,557,Château Venus de Valleyfield (closed),"120, rue Grande-Île"
1415,558,Mack\'s Restaurant (dropped),"835, boul Yvon L\'Heureux"
1416,,Mia Pasta - Valleyfield,"1165, boul Monseigneur Langlois"
1417,560,Greek to go,425 McArthur Avenue
1418,562,Crustini Pizza (closing out of business),654 Montreal Rd
1419,563,Hung Fatt,2108 Montreal Rd
1420,564,Pizzaland (sold dropped),"239, boul St Luc"
1421,565,Zone Shish Taouk,"501, boul du Séminaire N"
1422,566,Laziz Broast & Mix Grill (Dropped),1900 Innes Rd
1423,,Mr Mozzarella,5524 Manotick Main St
1424,569,The Suya Spot Restaurant (dropped),1319 Shillington Ave
1425,,Mia Pasta - Les Coteaux,"344, Montée du Comté"
1426,572,Chess Pizza,1227 Kilborn Ave
1427,573,Good Taste Fusion Restaurant (CLOSED),2701 St Joseph Blvd
1428,575,Pho Lam Ici,"2641, rue Masson"
1429,576,Just Chicken (Dropped),4303 17 Ave SE
1430,577,Catalina Pizza & Chicken (dropped),7-5147 20 Ave SE
1431,578,Restaurant Bravi (Dropped),"279, boul Jacques-Cartier"
1432,579,Nouilles Zen,"247-C, boul D\'Anjou"
1433,580,Coin Méchoui (Dropped),"77, boul St-Jean-Baptiste"
1434,581,Plato Restaurant - DROPPED,2835 - 37 St SW
1435,582,La Favorita,356 Preston St
1436,583,Mazaya - DROPPED,2139 33 Ave SW
1437,584,Tandoori Grill - DROPPED,1101 14th St SW
1438,585,Indi Express,"72, rue St-Jean-Baptiste unit 123"
1439,586,Massa Grilladerie Grecque(dropped),"5611, av de Monkland"
1440,587,Au Petit Charbon closed,"2480, ch de Chambly"
1441,588,Amir - Greenfield Park - (Dropped),"3838, boul Taschereau"
1442,,The Kathi Roll Express - North York,1753 Avenue Rd
1443,,Aladdin Donair & Pizza,436 14 St NW
1444,591,Kim\'s 2 for 1 Pizza,4715 17 Ave SE
1445,592,Fiazza Fresh Fired (Dropped),86 Murray St
1446,593,Saigon Pho,3722 Innes Rd
1447,594,Hard Stones Grill Nepean Restaurant (dropped),1-1 Roydon Place 
1448,595,Green Chili - DROPPED,1434 17 Ave SW
1449,596,Great Canadian Pizza - Shawcliffe Gate - DROPPED,643 Shawcliffe Gate SW
1450,597,Butter Chicken Hut - DROPPED,643 Shawcliffe Gate SW
1451,599,Nikos Pizza - DROPPED,1405 11 St SW
1452,600,Papa Joe\'s Pizza - Bridle Path,4000 Bridle Path Dr
1453,601,Resto Delice (Dropped),"5630, Grande Allée"
1454,602,Le Royaume D\'Angkor (Dropped),"13201, rue Sherbrooke E"
1455,603,Lucky Panda,3023 Cedarview Rd
1456,,Basha - Beloeil,"223, boul Cartier"
1457,606,The Newdle Bar & Bubble Tea Co ( out of business),213 Hunter St W
1458,607,Burrito Shack - Sunnyside,437 Sunnyside Ave
1459,608,Pasquale\'s Pizzeria,511 E Genessee St
1460,609,Real Thaï (dropped),415 George St N
1461,611,Madoi Sushi Restaurant,437 George St
1462,612,Papa Joe\'s Fried Chicken - Downtown,527 Bronson Ave
1463,,Papa Joe\'s Fried Chicken - Alta Vista,1574 Walkley Rd
1464,614,The Great Canadian Poutinerie (QUIT),200 Deschamps Ave
1465,615,La Dolce Vita,180 Preston St
1466,616,Prince Gourmet - Market,55 Byward Market Square
1467,618,The Original Spaghetti House Pizzeria - Cobourg,365 Westwood Dr
1468,620,Papa Joe\'s Fried Chicken - Bridle Path,4000 Bridle Path Dr
1469,623,Chez Villa - Gatineau,"33, rue de Valcourt, unité 30"
1470,624,Yaseen Halal Pizza - Cyrville,1741 Cyrville Rd
1471,626,The Original Spaghetti House - Lakefield,150 Queen St
1472,627,The Original Spaghetti House - Peterborough,512 George St
1473,628,The Corned Beef Hut (dropped),476 Brant St
1474,629,Prince Gourmet - Innes,3848 Innes Rd
1475,630,Restaurant Étoile de Chambly (Dropped),"6075, ch de Chambly"
1476,631,Papa\'s Pizzaland - Port Hope (Dropped),113 Peter St
1477,633,Grillers Pizza & Wings,253 West St N
1478,635,The Pizza Junction,98 Dunlop St E
1479,636,Spice Indian Cuisine & Wine Bar (closed),16 Dunlop St E
1480,637,Tops In Pizza,276 Memorial Ave
1481,638,Great Canadian Pizza - 17 Ave (DROPPED),503 17 Ave SW
1482,639,Papa\'s Pizzaland - Peterborough (Dropped),2695 Marsdale Rd
1483,,Lotus Chinese Food,5-3780 Fallowfield Rd 
1484,,Galo Piri Piri,40 prom du portage
1485,,Pho La Express,79 Montreal Rd
1486,645,Asian Stars Restaurant,"1380 Clyde Ave, Unit B"
1487,,Prince Gourmet - Cyrville,1750 Innes Rd
1488,649,Prince Gourmet - Ogilvie ,2177 Ogilvie Rd
1489,650,Prince Gourmet - open in May,Elgin street
1490,651,Royal Thai Cuisine,62 Maple Ave
1491,652,Pho Bo Ga Truc,275 Bank St
1492,,Fuji Yama Japanese Restaurant,908 17 Ave SW
1493,656,Just Wok,2138 St Joseph Blvd
1494,657,Thai Coconut,1390 Prince of Wales Dr
1495,,Carmello\'s Italian Restaurant & Bar,300 Sparks St
1496,660,Fresh Pho U,58 Dunlop St E
1497,661,Pizza by Adonis,19 Concession St
1498,662,Lucky Bamboo,"3175 Rutherford Rd, Unit G34"
1499,663,Nowshak Restaurant ( dropped),"3175 Rutherford Rd, Unit 74"
1500,664,Silver Spoon HOLD,1775 Carling Ave
1501,665,Tonimoes - Inuvik  (closed),185 Mackenzie Rd
1502,666,Tonimoes - Whitehorse,101 Main St
1503,668,Chalet de Hull - (Stalled),
1504,669,iCook Pho You,2006 Robertson Rd
1505,670,Reginos Pizza,411 McArthur Ave 
1506,,Ceylonta - Carling,2920 Carling Ave
1507,672,The Wok,1896 Prince of Wales Dr
1508,673,Chez Villa - Buckingham,486 B Avenue de Buckingham
1509,683,Pizza Maisonneuve,"574, boul Saint-Joseph"
1510,684,The Mongolian Village,1980 Ogilvie Rd
1511,686,Wandee Thai Cuisine Sept 2022,40 Beech St
1512,,Merivale Noodle House,1519 Merivale Rd
1513,688,Palki Cuisine of India,1060 Ogilvie Rd
1514,692,Sopranos Pizza Ottawa,169 York St 
1515,694,Thai to Go,3-701 Eagleson Rd
1516,695,Light of India,730 Bank St
1517,696,Hometown Sports and Grill,1525 Banks Street
1518,697,Burrito Shack - Bank,775 Bank St
1519,698,Falafoul Gourmet (closed ),2950 Bank Street
1520,699,Host India,622 Montreal Rd
1521,,Colonnade Pizza - Merivale Road,1463 Merivale Rd
1522,701,Rangoli,2491 St-Joseph Blvd
1523,703,Papa Pizza - Val-des-Monts,"1797, rte du Carrefour"
1524,,Bilal Halal Pizza - Yaseen Pizza,250 Centrum Blvd
1525,705,Asian Dragon (Backed out),3777 Strandherd Dr
1526,706,Sushi Enshoku,57 chemin de la grande-cote
1527,707,New Hong Kong,1433 Woodroffe Ave
1528,708,Pho Bo Ga King - Merivale ,1-1234 Merivale Road
1529,709,A Plus Sushi,202 Bank St
1530,,Patricio\'s 2 For 1 Pizza,824  Mountain Rd
1531,711,The Beer Man,427 Mcarthur Ave
1532,712,Pizza Lovers Hunt Club,800 Hunt Club Road
1533,713,Fusion House (closed),1947 Bank Street
1534,714,Phu-Yen Restaurant,700 March Rd
1535,715,Fusion House Kanata,5507 Hazeldean Rd
1536,716,Egg Roll Factory,261 Centrepointe drive
1537,,1 for 1 Pizza Carling, 2525 Carling Ave
1538,718,Mangiano Pizzeria,2564 St. Joseph Blvd
1539,719,Marroush Orleans,2564 St Joseph Boulevard
1540,721,Napolis,81 Richmond Rd
1541,722,Beneci Pizza Cobden,1105 Cobden Road
1542,724,Sbarro,222 Hunt Club Road
1543,726,Joe\'s Pizza and Subs Laperriere,1577 Laperriere
1544,727,HaNoi Pho,4312 Innes Road
1545,728,Reynolds,874 Clyde ave
1546,729,Palermo Pizzeria,25 Tapiola Cres
1547,730,P&M\'s Kouzzina,1463 Lasalle Blvd
1548,732,Pizza 2 Go,"1856, Rue Sherbrooke"
1549,733,Bar Burrito South Nepean,600 Terry Fox Drive
1550,734,Mr Mozzarella,1 Tartan drive
1551,735,Bilal\'s Kabab,4055 Carling
1552,736,Shawarma House Walkley,1739 Walkley Rd
1553,,Papa Pizza Ottawa,1202 Bank Street
1554,738,King Kabab and Shawarma,291 Queen Mary St
1555,739,Mia\'s Indian Cuisine - St Laurent,327 St Laurent Blvd
1556,746,Pita Bell,1846 Carling Av
1557,748,Island Grill Ottawa,324 Bank Street
1558,,Wellington Diner,1385 Wellington St W
1559,750,Papaye Verte,69 rue Laurier
1560,752,Palermo Pizzeria - Donald ,425 Donald St
1561,753,Yimin Dim Sum House,870 Somerset Street West
1562,754,Pizza Pita,291 Queen Mary
1563,756,Pizza la Différence,4 Rue Belmont
1564,757,Prince Gourmet- Montreal Road,576 Montreal Road
1565,,Papa Grecque des Flandres,22 rue des flandres #7
1566,,Jumbo Chinese Food Restaurant,2672 Innes road
1567,760,India Palace,292 Albert St
1568,761,Green Papaya Preston,256 Preston Street
1569,762,Green Papaya Baseline,1374 Baseline Rd
1570,763,Mario\'s St Philippe de la Prairie,3005 Edouard VII 
1571,764,Burger Lovers,233 Laurier Ave E
1572,,Prince Gourmet,250 Greenbank
1573,767,Via613 Bis (ON HOLD),1577 Alta Vista Dr
1574,768,Asian Palace Ottawa,3320 McCarthy Road
1575,769,Original Burger Joint,873 Bank Street
1576,770,Nu Caribbean,100 Castlefrank Road
1577,771,Matts_TEST_restaurant,109 mattingly way
1578,772,Holland Kisa Grill,83 Holland Ave
1579,773,Vietnam Palace,819 Somerset St W
1580,,Petit Peru,792 Somerset St W
1581,775,Kallisto,2950 Bank Street
1582,,Via613 New,
1593,800,test stefan,600 Terry Fox Drive
1594,,First Test on V2,600 Terry Fox Drive
1595,114,Test James - Dovercourt Pizza,2047 Dovercourt Avenue
1596,,TEST JUNE 2018,1st Street
1597,,Milano 14 Main St,600 Terry Fox Drive
1598,,trigger_test,600 Terry Fox Drive
1603,,Milano Test 1/13/2020,600 Terry Fox Drive
1604,,Restaurant Test 3/15/2020,600 Terry Fox Drive
1605,,Restaurant Test 26 Aug 2020,600 Terry Fox Drive
1608,,Menu TEST 07 Dec 2020,600 Terry Fox Drive
1609,,Aahar The Taste of India,727 Churchill Avenue
1610,,1111,600 Terry Fox Drive
1611,,All Out Burger Bank St.,2560 Bank Street
1612,,Milano Baseline TEST,2529 Baseline Road
1613,,First Test with Yanni,123 Terry Fox Street
1614,,1st test with George,2126 Apple Leaf Way
1615,,Vanier Pizza & Subs TEST,201 Marier Avenue
1616,,Tony\'s Pizza,7772 Jeanne d\'Arc Boulevard North
1617,,Ginkgo Garden,2225 Saint Laurent Boulevard
1618,,Yorgos Yanni Practice,1536 Clyde Avenue
1619,,Beneci Pizza Yanni Practice,1105 Cobden Road
1620,,Xtreme Pizza Yanni Practice,125 Preston Street
1621,,Mama Rosa Yanni Practice,375 Des Épinettes Avenue
1622,,Papa Pizza Yanni,2126 Apple Leaf Way
1623,,Pizza Rama Yanni,2126 Apple Leaf Way
1624,,Yanni Bouziotas,2126 Apple Leaf Way
1625,,Aroy Thai,"1 Rideaucrest Drive, Barrhaven, ON"
1626,,La Maison Pho,4 Rue Belmont
1627,,Sala Thai,"2666 Alta Vista Dr, Ottawa, ON"
1628,,Ting\'s Kitchen,3-701 Eagleson Road
1629,,Asia Garden Ottawa,"886 Dynes Road, Ottawa, On"
1630,,NANA Thai Cuisine,121 Preston Street
1631,,China Moon,273 Boulevard Saint-René Ouest
1632,,Papa Joe\'s Pizza - Prince of Wales,1896 Prince of Wales Drive
1633,,Mehfil Indian Cuisine,792 Somerset Street West
1634,,Thai Coconut,1390 Prince of Wales Drive
1635,,All Out Burger Gladstone,714 Gladstone Avenue
1636,,All Out Burger Montreal Rd,585 Montréal Road
1637,,Kirkwood Pizza,1078 Merivale Road
1638,,Shawarma Depot,87 Main Street
1639,,River Pizza,4042 Innes Road
1640,,Genki Sushi ( dropped),5960 Rue Sherbrooke Est
1641,,Wandee Thai,40 Beech Street
1642,,La Nawab,1 Rue Cholette
1643,,Tony\'s Pizza,Jeanne-d\' Arc Boulevard
1654,,Cosenza,6505 Jeanne d\'Arc Boulevard North
1655,,Merivale Pizza & Wings,1610 Merivale Road
1656,,Shawarma Shish,1831 Robertson Road
1657,,Cuisine Bombay Indienne,120 Rue Richelieu
1658,,Chicco Shawarma Cantley,435 Montée de la Source
1659,,Chicco Pizza & Shawarma Buckingham,1009 Chemin de Masson
1660,,Chicco Pizza Shawarma Anger,1096 Chemin de Montréal Ouest
1661,,Chicco Pizza Maloney,842 Boulevard Maloney Est
1662,,Chicco Shawarma Maloney,922 Boulevard Maloney Est
1663,,Chicco Pizza de l’Hopital,405 Boulevard de l\'Hôpital
1664,,Chicco Pizza St-Louis,1783 Rue Saint-Louis
1665,,Zait and Zaatar,3515 Albion Road South
1666,,Mia Pizza Grec,250 Boulevard Maisonneuve
1667,,Le Hibou Qui Rit,95 Rue Saint-Étienne
1668,,Little Gyros Greek Grill,1606 Battler Road
1669,,Bistro 548,548 Chemin d\'Aylmer
1670,,Capital Bites,34 Grenfell Crescent
1671,,Pachino Pizza,3515 Albion Road South
1672,,Pizza Marie,4 Rue d\'Orléans
1673,,Pizza Marie,4 Rue d\'Orléans
1674,,Capri Pizza,4000 Bridle Path Drive
1675,,Riverside Pizzeria,3679 Riverside Drive
1676,,Routine Poutine,"4000 Bridle Path Drive, Gloucester, ON, Canada"
1677,,Chef Rad Halal Pizza & Burgers,1730 Montréal Road
1678,,Al-s Drive In,5474 Osgoode Main Street
