id,restaurant_id,day_start,time_start,day_stop,time_stop,type,enabled
1,1,1,11:00:00,1,16:00:00,t,n
2,1,1,18:00:00,2,01:00:00,t,n
3,1,2,11:00:00,2,16:00:00,t,n
4,1,2,18:00:00,3,01:00:00,t,n
5,1,3,11:00:00,3,16:00:00,t,n
6,1,3,18:00:00,4,01:00:00,t,n
7,1,4,11:00:00,4,16:00:00,t,n
8,1,4,18:00:00,5,01:00:00,t,n
9,1,5,11:00:00,5,16:00:00,t,n
10,1,5,18:00:00,6,01:00:00,t,n
11,1,6,11:00:00,6,16:00:00,t,n
12,1,6,18:00:00,7,01:00:00,t,n
13,1,7,11:00:00,7,16:00:00,t,n
14,1,7,18:00:00,1,01:00:00,t,n
15,1,1,11:00:00,1,16:00:00,t,n
16,1,2,11:00:00,2,16:00:00,t,n
17,1,3,11:00:00,3,16:00:00,t,n
18,1,4,11:00:00,4,16:00:00,t,n
19,1,5,11:00:00,5,16:00:00,t,n
20,1,6,11:00:00,6,16:00:00,t,n
21,1,7,11:00:00,7,16:00:00,t,n
22,1027,1,09:00:00,1,11:00:00,t,n
23,1027,2,09:00:00,2,11:00:00,t,n
24,1027,3,09:00:00,3,11:00:00,t,n
25,1027,4,09:00:00,4,11:00:00,t,n
26,1027,5,09:00:00,5,11:00:00,t,n
27,1027,6,09:00:00,6,11:00:00,t,n
28,1027,7,09:00:00,7,11:00:00,t,n
29,1027,1,11:00:00,2,02:00:00,t,y
30,1027,2,09:00:00,2,11:00:00,t,y
31,1027,2,12:00:00,3,02:00:00,t,y
32,1027,3,11:00:00,3,21:00:00,t,y
33,1027,4,11:00:00,4,21:00:00,t,y
34,1027,5,11:00:00,5,21:00:00,t,y
35,1027,6,11:00:00,6,21:00:00,t,y
36,1027,7,11:00:00,7,21:00:00,t,y
37,1,1,11:00:00,1,16:00:00,d,n
38,1,2,11:00:00,2,16:00:00,d,n
39,1,2,11:00:00,2,23:00:00,d,n
40,1,3,11:00:00,3,16:00:00,d,n
41,1,4,11:00:00,4,16:00:00,d,n
42,1,5,11:00:00,5,16:00:00,d,n
43,1,6,11:00:00,6,16:00:00,d,n
44,1,7,11:00:00,7,16:00:00,d,n
45,1,1,11:00:00,1,16:00:00,t,n
46,1,2,11:00:00,2,16:00:00,t,n
47,1,3,11:00:00,3,16:00:00,t,n
48,1,4,11:00:00,4,16:00:00,t,n
49,1,5,11:00:00,5,16:00:00,t,n
50,1,6,11:00:00,6,16:00:00,t,n
51,1,7,11:00:00,7,16:00:00,t,n
52,1,1,11:00:00,1,16:00:00,t,n
53,1,2,11:00:00,2,16:00:00,t,n
54,1,3,11:00:00,3,16:00:00,t,n
55,1,4,11:00:00,4,16:00:00,t,n
56,1,5,11:00:00,5,16:00:00,t,n
57,1,6,11:00:00,6,16:00:00,t,n
58,1,7,11:00:00,7,16:00:00,t,n
59,1,1,11:00:00,1,16:00:00,t,y
60,1,2,11:00:00,2,16:00:00,t,y
61,1,3,11:00:00,3,16:00:00,t,y
62,1,4,11:00:00,4,16:00:00,t,y
63,1,5,11:00:00,5,16:00:00,t,y
64,1,6,11:00:00,6,16:00:00,t,y
65,1,7,11:00:00,7,16:00:00,t,y
66,1,1,11:00:00,1,16:00:00,d,y
67,1,2,11:00:00,2,16:00:00,d,y
68,1,2,11:00:00,2,23:00:00,d,y
69,1,3,11:00:00,3,16:00:00,d,y
70,1,4,11:00:00,4,16:00:00,d,y
71,1,5,11:00:00,5,16:00:00,d,y
72,1,6,11:00:00,6,16:00:00,d,y
73,1,7,11:00:00,7,16:00:00,d,y
508,1129,1,11:00:00,1,23:00:00,t,y
509,1129,2,11:00:00,2,23:00:00,t,y
510,1129,3,11:00:00,3,23:00:00,t,y
511,1129,4,11:00:00,4,23:00:00,t,y
512,1129,5,11:00:00,5,23:00:00,t,y
513,1129,6,11:00:00,6,23:00:00,t,y
514,1129,7,11:00:00,7,23:00:00,t,y
515,1129,1,11:00:00,1,23:00:00,d,y
516,1129,2,11:00:00,2,23:00:00,d,y
517,1129,3,11:00:00,3,23:00:00,d,y
518,1129,4,11:00:00,4,23:00:00,d,y
519,1129,5,11:00:00,5,23:00:00,d,y
520,1129,6,11:00:00,6,23:00:00,d,y
521,1129,7,11:00:00,7,23:00:00,d,y
522,1597,1,11:00:00,1,23:00:00,t,n
523,1597,2,11:00:00,2,23:00:00,t,n
524,1597,3,11:00:00,3,23:00:00,t,n
525,1597,4,11:00:00,4,23:00:00,t,n
526,1597,5,11:00:00,5,23:00:00,t,n
527,1597,6,11:00:00,6,23:00:00,t,n
528,1597,7,11:00:00,7,23:00:00,t,n
529,1597,1,11:00:00,1,23:00:00,d,y
530,1597,2,11:00:00,2,23:00:00,d,y
531,1597,3,11:00:00,3,23:00:00,d,y
532,1597,4,11:00:00,4,23:00:00,d,y
533,1597,5,11:00:00,5,23:00:00,d,y
534,1597,6,11:00:00,6,23:00:00,d,y
535,1597,7,11:00:00,7,23:00:00,d,y
536,1597,1,11:00:00,1,23:00:00,t,y
537,1597,2,11:00:00,2,23:00:00,t,y
538,1597,3,05:00:00,3,23:00:00,t,y
539,1597,4,11:00:00,4,23:00:00,t,y
540,1597,5,11:00:00,5,23:00:00,t,y
541,1597,6,11:00:00,6,23:00:00,t,y
542,1597,7,11:00:00,7,23:00:00,t,y
626,1595,1,11:00:00,1,23:00:00,d,n
627,1595,1,23:30:00,2,03:00:00,d,n
628,1595,2,11:00:00,2,23:00:00,d,n
629,1595,3,11:00:00,3,23:00:00,d,n
630,1595,4,11:00:00,4,23:00:00,d,n
631,1595,5,11:00:00,5,21:00:00,d,n
632,1595,5,23:00:00,6,03:00:00,d,n
633,1595,6,11:00:00,6,22:00:00,d,n
634,1595,6,23:00:00,7,03:00:00,d,n
635,1595,7,11:00:00,7,23:00:00,d,n
636,1595,1,11:00:00,1,23:00:00,t,n
637,1595,2,11:00:00,2,23:00:00,t,n
638,1595,3,11:00:00,3,23:00:00,t,n
639,1595,4,11:00:00,4,23:00:00,t,n
640,1595,5,11:00:00,5,23:00:00,t,n
641,1595,6,11:00:00,6,23:00:00,t,n
642,1595,7,11:00:00,7,23:00:00,t,n
643,1595,1,11:00:00,1,23:00:00,t,n
644,1595,2,10:00:00,2,13:00:00,t,n
645,1595,2,15:00:00,3,03:00:00,t,n
646,1595,3,11:00:00,3,23:00:00,t,n
647,1595,4,11:00:00,4,23:00:00,t,n
648,1595,5,11:00:00,5,23:00:00,t,n
649,1595,6,11:00:00,6,23:00:00,t,n
650,1595,7,11:00:00,7,23:00:00,t,n
651,1595,1,11:00:00,1,23:00:00,t,n
652,1595,2,06:00:00,2,13:00:00,t,n
653,1595,2,15:00:00,3,03:00:00,t,n
654,1595,3,11:00:00,3,23:00:00,t,n
655,1595,4,11:00:00,4,23:00:00,t,n
656,1595,5,11:00:00,5,23:00:00,t,n
657,1595,6,11:00:00,6,23:00:00,t,n
658,1595,7,11:00:00,7,23:00:00,t,n
659,1595,1,11:00:00,1,23:00:00,t,n
660,1595,2,14:00:00,2,14:00:00,t,n
661,1595,2,15:00:00,3,03:00:00,t,n
662,1595,3,11:00:00,3,23:00:00,t,n
663,1595,4,11:00:00,4,23:00:00,t,n
664,1595,5,11:00:00,5,23:00:00,t,n
665,1595,6,11:00:00,6,23:00:00,t,n
666,1595,7,11:00:00,7,23:00:00,t,n
667,1595,1,11:00:00,1,23:00:00,t,n
668,1595,2,11:00:00,2,14:00:00,t,n
669,1595,2,15:00:00,3,03:00:00,t,n
670,1595,3,11:00:00,3,23:00:00,t,n
671,1595,4,11:00:00,4,23:00:00,t,n
672,1595,5,11:00:00,5,23:00:00,t,n
673,1595,6,11:00:00,6,23:00:00,t,n
674,1595,7,11:00:00,7,23:00:00,t,n
675,1595,1,11:00:00,1,23:00:00,t,n
676,1595,2,12:00:00,2,14:00:00,t,n
677,1595,2,15:00:00,3,03:00:00,t,n
678,1595,3,11:00:00,3,23:00:00,t,n
679,1595,4,11:00:00,4,23:00:00,t,n
680,1595,5,11:00:00,5,23:00:00,t,n
681,1595,6,11:00:00,6,23:00:00,t,n
682,1595,7,11:00:00,7,23:00:00,t,n
683,1595,1,11:00:00,1,23:00:00,t,n
684,1595,2,09:00:00,2,14:00:00,t,n
685,1595,2,15:00:00,3,03:00:00,t,n
686,1595,3,11:00:00,3,23:00:00,t,n
687,1595,4,11:00:00,4,23:00:00,t,n
688,1595,5,11:00:00,5,23:00:00,t,n
689,1595,6,11:00:00,6,23:00:00,t,n
690,1595,7,11:00:00,7,23:00:00,t,n
691,1595,1,11:00:00,1,23:00:00,t,n
692,1595,2,09:00:00,2,14:00:00,t,n
693,1595,2,14:00:00,3,03:00:00,t,n
694,1595,3,11:00:00,3,23:00:00,t,n
695,1595,4,11:00:00,4,23:00:00,t,n
696,1595,5,11:00:00,5,23:00:00,t,n
697,1595,6,11:00:00,6,23:00:00,t,n
698,1595,7,11:00:00,7,23:00:00,t,n
699,1595,1,11:00:00,1,23:00:00,t,n
700,1595,2,09:00:00,2,14:00:00,t,n
701,1595,2,15:00:00,3,03:00:00,t,n
702,1595,3,11:00:00,3,23:00:00,t,n
703,1595,4,11:00:00,4,23:00:00,t,n
704,1595,5,11:00:00,5,23:00:00,t,n
705,1595,6,11:00:00,6,23:00:00,t,n
706,1595,7,11:00:00,7,23:00:00,t,n
707,1595,1,11:00:00,1,23:00:00,t,n
708,1595,2,09:00:00,2,14:00:00,t,n
709,1595,2,15:00:00,3,01:00:00,t,n
710,1595,3,11:00:00,3,23:00:00,t,n
711,1595,4,11:00:00,4,23:00:00,t,n
712,1595,5,11:00:00,5,23:00:00,t,n
713,1595,6,11:00:00,6,23:00:00,t,n
714,1595,7,11:00:00,7,23:00:00,t,n
715,1595,1,11:00:00,1,23:00:00,d,n
716,1595,1,23:30:00,2,03:00:00,d,n
717,1595,2,09:00:00,2,23:00:00,d,n
718,1595,3,11:00:00,3,23:00:00,d,n
719,1595,4,11:00:00,4,23:00:00,d,n
720,1595,5,11:00:00,5,21:00:00,d,n
721,1595,5,23:00:00,6,03:00:00,d,n
722,1595,6,11:00:00,6,22:00:00,d,n
723,1595,6,23:00:00,7,03:00:00,d,n
724,1595,7,11:00:00,7,23:00:00,d,n
725,1603,1,11:00:00,1,23:00:00,t,y
726,1603,2,11:00:00,2,23:00:00,t,y
727,1603,3,11:00:00,3,23:00:00,t,y
728,1603,4,11:00:00,4,23:00:00,t,y
729,1603,5,11:00:00,5,23:00:00,t,y
730,1603,6,11:00:00,6,23:00:00,t,y
731,1603,7,11:00:00,7,23:00:00,t,y
732,1603,1,11:00:00,1,23:00:00,d,y
733,1603,2,11:00:00,2,23:00:00,d,y
734,1603,3,11:00:00,3,23:00:00,d,y
735,1603,4,11:00:00,4,23:00:00,d,y
736,1603,5,11:00:00,5,23:00:00,d,y
737,1603,6,11:00:00,6,23:00:00,d,y
738,1603,7,11:00:00,7,23:00:00,d,y
739,1595,1,11:00:00,1,23:00:00,t,n
740,1595,2,09:00:00,2,14:00:00,t,n
741,1595,2,15:00:00,3,01:00:00,t,n
742,1595,3,09:00:00,3,23:00:00,t,n
743,1595,4,11:00:00,4,23:00:00,t,n
744,1595,5,11:00:00,5,23:00:00,t,n
745,1595,6,11:00:00,6,23:00:00,t,n
746,1595,7,11:00:00,7,23:00:00,t,n
747,1604,1,11:00:00,1,23:00:00,t,y
748,1604,2,11:00:00,2,23:00:00,t,y
749,1604,3,11:00:00,3,23:00:00,t,y
750,1604,4,11:00:00,4,23:00:00,t,y
751,1604,5,11:00:00,5,23:00:00,t,y
752,1604,6,11:00:00,6,23:00:00,t,y
753,1604,7,11:00:00,7,23:00:00,t,y
754,1604,1,11:00:00,1,23:00:00,d,y
755,1604,2,11:00:00,2,23:00:00,d,y
756,1604,3,11:00:00,3,23:00:00,d,y
757,1604,4,11:00:00,4,23:00:00,d,y
758,1604,5,11:00:00,5,23:00:00,d,y
759,1604,6,11:00:00,6,23:00:00,d,y
760,1604,7,11:00:00,7,23:00:00,d,y
761,1605,4,11:00:00,4,23:00:00,t,n
762,1605,5,11:00:00,5,23:00:00,t,n
763,1605,6,11:00:00,6,23:00:00,t,n
764,1605,7,11:00:00,7,23:00:00,t,n
765,1605,1,11:00:00,1,23:00:00,d,y
766,1605,2,11:00:00,3,19:00:00,d,y
767,1605,3,11:00:00,3,23:00:00,d,y
768,1605,4,11:00:00,4,23:00:00,d,y
769,1605,5,11:00:00,5,23:00:00,d,y
770,1605,6,11:00:00,6,23:00:00,d,y
771,1605,7,11:00:00,7,23:00:00,d,y
772,1605,1,11:00:00,1,23:00:00,t,n
773,1605,2,11:00:00,2,23:00:00,t,n
774,1605,3,11:00:00,3,23:00:00,t,n
775,1605,4,11:00:00,4,23:00:00,t,n
776,1605,5,11:00:00,5,23:00:00,t,n
777,1605,6,11:00:00,6,23:00:00,t,n
778,1605,7,11:00:00,7,23:00:00,t,n
779,1605,1,11:00:00,2,01:00:00,t,n
780,1605,2,11:00:00,2,23:00:00,t,n
781,1605,3,11:00:00,3,23:00:00,t,n
782,1605,4,11:00:00,4,23:00:00,t,n
783,1605,5,11:00:00,5,23:00:00,t,n
784,1605,6,11:00:00,6,23:00:00,t,n
785,1605,7,11:00:00,7,23:00:00,t,n
786,1605,1,11:00:00,2,01:00:00,t,y
787,1605,2,11:00:00,2,23:00:00,t,y
788,1605,3,11:00:00,3,23:00:00,t,y
789,1605,4,11:00:00,4,23:00:00,t,y
790,1605,5,11:00:00,5,23:00:00,t,y
791,1605,6,11:00:00,6,23:00:00,t,y
792,1605,7,11:00:00,7,23:00:00,t,y
793,1609,1,17:00:00,1,20:30:00,t,y
794,1609,2,17:00:00,2,20:30:00,t,y
795,1609,3,17:00:00,3,20:30:00,t,y
796,1609,4,17:00:00,4,20:30:00,t,y
797,1609,5,17:00:00,5,20:30:00,t,y
798,1609,6,17:00:00,6,20:30:00,t,y
799,1609,7,17:00:00,7,20:30:00,t,y
800,1609,1,17:00:00,1,20:30:00,d,y
801,1609,2,17:00:00,2,20:30:00,d,y
802,1609,3,17:00:00,3,20:30:00,d,y
803,1609,4,17:00:00,4,20:30:00,d,y
804,1609,5,17:00:00,5,20:30:00,d,y
805,1609,6,17:00:00,6,20:30:00,d,y
806,1609,7,17:00:00,7,20:30:00,d,y
807,1611,1,11:00:00,1,20:30:00,t,y
808,1611,2,11:00:00,2,20:30:00,t,y
809,1611,3,11:00:00,3,20:30:00,t,y
810,1611,4,11:00:00,4,20:30:00,t,y
811,1611,5,11:00:00,5,20:30:00,t,y
812,1611,6,11:00:00,6,20:30:00,t,y
813,1611,7,11:00:00,7,20:30:00,t,y
814,1595,1,11:00:00,1,23:00:00,t,n
815,1595,2,07:00:00,2,22:00:00,t,n
816,1595,3,09:00:00,3,23:00:00,t,n
817,1595,4,11:00:00,4,23:00:00,t,n
818,1595,5,11:00:00,5,23:00:00,t,n
819,1595,6,11:00:00,6,23:00:00,t,n
820,1595,7,11:00:00,7,23:00:00,t,n
821,1595,1,11:00:00,1,23:00:00,d,n
822,1595,2,07:00:00,2,23:00:00,d,n
823,1595,3,11:00:00,3,23:00:00,d,n
824,1595,4,11:00:00,4,23:00:00,d,n
825,1595,5,11:00:00,5,21:00:00,d,n
826,1595,5,23:00:00,6,03:00:00,d,n
827,1595,6,11:00:00,6,22:00:00,d,n
828,1595,6,23:00:00,7,03:00:00,d,n
829,1595,7,11:00:00,7,23:00:00,d,n
830,1595,1,11:00:00,1,23:00:00,t,n
831,1595,2,07:00:00,2,22:00:00,t,n
832,1595,3,11:00:00,3,23:00:00,t,n
833,1595,4,11:00:00,4,23:00:00,t,n
834,1595,5,11:00:00,5,23:00:00,t,n
835,1595,6,11:00:00,6,23:00:00,t,n
836,1595,7,11:00:00,7,23:00:00,t,n
837,1595,1,11:00:00,1,23:00:00,d,y
838,1595,2,07:00:00,2,23:00:00,d,y
839,1595,3,14:00:00,3,23:00:00,d,y
840,1595,4,11:00:00,4,23:00:00,d,y
841,1595,5,11:00:00,5,21:00:00,d,y
842,1595,5,23:00:00,6,03:00:00,d,y
843,1595,6,11:00:00,6,22:00:00,d,y
844,1595,6,23:00:00,7,03:00:00,d,y
845,1595,7,11:00:00,7,23:00:00,d,y
846,1595,1,11:00:00,1,23:00:00,t,n
847,1595,2,07:00:00,2,22:00:00,t,n
848,1595,3,12:00:00,3,23:00:00,t,n
849,1595,4,11:00:00,4,23:00:00,t,n
850,1595,5,11:00:00,5,23:00:00,t,n
851,1595,6,11:00:00,6,23:00:00,t,n
852,1595,7,11:00:00,7,23:00:00,t,n
853,1595,1,11:00:00,1,23:00:00,t,n
854,1595,2,07:00:00,2,22:00:00,t,n
855,1595,3,13:00:00,3,23:00:00,t,n
856,1595,4,11:00:00,4,23:00:00,t,n
857,1595,5,11:00:00,5,23:00:00,t,n
858,1595,6,11:00:00,6,23:00:00,t,n
859,1595,7,11:00:00,7,23:00:00,t,n
860,1612,1,11:00:00,1,23:00:00,t,y
861,1612,2,11:00:00,2,23:00:00,t,y
862,1612,3,11:00:00,3,23:00:00,t,y
863,1612,4,11:00:00,4,23:00:00,t,y
864,1612,5,11:00:00,5,23:00:00,t,y
865,1612,6,11:00:00,6,23:00:00,t,y
866,1612,7,11:00:00,7,23:00:00,t,y
867,1612,1,11:00:00,1,23:00:00,d,y
868,1612,2,11:00:00,2,23:00:00,d,y
869,1612,3,11:00:00,3,23:00:00,d,y
870,1612,4,11:00:00,4,23:00:00,d,y
871,1612,5,11:00:00,5,23:00:00,d,y
872,1612,6,11:00:00,6,23:00:00,d,y
873,1612,7,11:00:00,7,23:00:00,d,y
874,1615,1,11:00:00,1,23:00:00,t,n
875,1615,2,11:00:00,2,23:00:00,t,n
876,1615,3,11:00:00,3,23:00:00,t,n
877,1615,4,11:00:00,4,23:00:00,t,n
878,1615,5,11:00:00,5,23:00:00,t,n
879,1615,6,11:00:00,6,23:00:00,t,n
880,1615,7,11:00:00,7,23:00:00,t,n
881,1615,1,11:00:00,1,23:00:00,d,n
882,1615,2,11:00:00,2,23:00:00,d,n
883,1615,3,11:00:00,3,23:00:00,d,n
884,1615,4,11:00:00,4,23:00:00,d,n
885,1615,5,11:00:00,5,23:00:00,d,n
886,1615,6,11:00:00,6,23:00:00,d,n
887,1615,7,11:00:00,7,23:00:00,d,n
888,1595,1,11:00:00,1,23:00:00,t,n
889,1595,2,07:00:00,2,22:00:00,t,n
890,1595,3,09:00:00,3,23:00:00,t,n
891,1595,4,11:00:00,4,23:00:00,t,n
892,1595,5,11:00:00,5,23:00:00,t,n
893,1595,6,11:00:00,6,23:00:00,t,n
894,1595,7,11:00:00,7,23:00:00,t,n
895,1615,1,16:00:00,1,23:59:00,t,n
896,1615,2,12:00:00,2,13:00:00,t,n
897,1615,2,16:00:00,3,19:00:00,t,n
898,1615,3,11:00:00,3,23:00:00,t,n
899,1615,4,11:00:00,4,23:00:00,t,n
900,1615,5,11:00:00,5,23:00:00,t,n
901,1615,6,11:00:00,6,23:00:00,t,n
902,1615,7,11:00:00,7,23:00:00,t,n
903,1615,1,12:00:00,2,01:00:00,t,n
904,1615,1,16:00:00,1,23:59:00,t,n
905,1615,2,12:00:00,3,01:00:00,t,n
906,1615,3,12:00:00,4,01:00:00,t,n
907,1615,4,12:00:00,5,01:00:00,t,n
908,1615,5,12:00:00,6,01:00:00,t,n
909,1615,6,12:00:00,7,01:00:00,t,n
910,1615,7,12:00:00,1,01:00:00,t,n
911,1615,1,16:00:00,1,23:59:00,t,n
912,1615,2,12:00:00,3,01:00:00,t,n
913,1615,2,16:00:00,2,23:59:00,t,n
914,1615,3,12:00:00,4,01:00:00,t,n
915,1615,3,16:00:00,3,23:59:00,t,n
916,1615,4,12:00:00,5,01:00:00,t,n
917,1615,4,16:00:00,4,23:59:00,t,n
918,1615,5,12:00:00,6,01:00:00,t,n
919,1615,5,16:00:00,5,23:59:00,t,n
920,1615,6,12:00:00,7,01:00:00,t,n
921,1615,6,16:00:00,6,23:59:00,t,n
922,1615,7,12:00:00,1,01:00:00,t,n
923,1615,7,16:00:00,7,23:59:00,t,n
924,1615,1,16:00:00,1,23:59:00,d,n
925,1615,2,12:00:00,3,01:00:00,d,n
926,1615,2,16:00:00,2,23:59:00,d,n
927,1615,3,12:00:00,4,01:00:00,d,n
928,1615,3,16:00:00,3,23:59:00,d,n
929,1615,4,12:00:00,5,01:00:00,d,n
930,1615,4,16:00:00,4,23:59:00,d,n
931,1615,5,12:00:00,6,01:00:00,d,n
932,1615,5,16:00:00,5,23:59:00,d,n
933,1615,6,12:00:00,7,01:00:00,d,n
934,1615,6,16:00:00,6,23:59:00,d,n
935,1615,7,12:00:00,1,01:00:00,d,n
936,1615,7,16:00:00,7,23:59:00,d,n
937,1615,1,16:00:00,1,23:59:00,t,n
938,1615,2,12:00:00,3,01:00:00,t,n
939,1615,2,16:00:00,2,23:59:00,t,n
940,1615,3,12:00:00,4,01:00:00,t,n
941,1615,3,16:00:00,3,23:59:00,t,n
942,1615,4,12:00:00,5,01:00:00,t,n
943,1615,4,16:00:00,4,23:59:00,t,n
944,1615,5,12:00:00,6,01:00:00,t,n
945,1615,5,16:00:00,5,23:59:00,t,n
946,1615,6,12:00:00,7,01:00:00,t,n
947,1615,6,16:00:00,6,23:59:00,t,n
948,1615,7,12:00:00,1,01:00:00,t,n
949,1615,7,16:00:00,7,23:59:00,t,n
950,1615,1,16:00:00,1,23:59:00,t,n
951,1615,2,21:00:00,3,01:00:00,t,n
952,1615,2,16:00:00,2,23:59:00,t,n
953,1615,3,12:00:00,4,01:00:00,t,n
954,1615,3,16:00:00,3,23:59:00,t,n
955,1615,4,12:00:00,5,01:00:00,t,n
956,1615,4,16:00:00,4,23:59:00,t,n
957,1615,5,12:00:00,6,01:00:00,t,n
958,1615,5,16:00:00,5,23:59:00,t,n
959,1615,6,12:00:00,7,01:00:00,t,n
960,1615,6,16:00:00,6,23:59:00,t,n
961,1615,7,12:00:00,1,01:00:00,t,n
962,1615,7,16:00:00,7,23:59:00,t,n
963,1615,1,16:00:00,1,23:59:00,d,n
964,1615,2,21:00:00,3,01:00:00,d,n
965,1615,2,16:00:00,2,23:59:00,d,n
966,1615,3,12:00:00,4,01:00:00,d,n
967,1615,3,16:00:00,3,23:59:00,d,n
968,1615,4,12:00:00,5,01:00:00,d,n
969,1615,4,16:00:00,4,23:59:00,d,n
970,1615,5,12:00:00,6,01:00:00,d,n
971,1615,5,16:00:00,5,23:59:00,d,n
972,1615,6,12:00:00,7,01:00:00,d,n
973,1615,6,16:00:00,6,23:59:00,d,n
974,1615,7,12:00:00,1,01:00:00,d,n
975,1615,7,16:00:00,7,23:59:00,d,n
976,1615,1,16:00:00,1,23:59:00,t,n
977,1615,2,09:00:00,2,16:00:00,t,n
978,1615,2,06:00:00,2,23:00:00,t,n
979,1615,3,12:00:00,4,01:00:00,t,n
980,1615,3,16:00:00,3,23:59:00,t,n
981,1615,4,12:00:00,5,01:00:00,t,n
982,1615,4,16:00:00,4,23:59:00,t,n
983,1615,5,12:00:00,6,01:00:00,t,n
984,1615,5,16:00:00,5,23:59:00,t,n
985,1615,6,12:00:00,7,01:00:00,t,n
986,1615,6,16:00:00,6,23:59:00,t,n
987,1615,7,12:00:00,1,01:00:00,t,n
988,1615,7,16:00:00,7,23:59:00,t,n
989,1615,1,16:00:00,1,23:59:00,d,n
990,1615,2,09:00:00,2,16:00:00,d,n
991,1615,2,06:00:00,2,23:00:00,d,n
992,1615,3,12:00:00,4,01:00:00,d,n
993,1615,3,16:00:00,3,23:59:00,d,n
994,1615,4,12:00:00,5,01:00:00,d,n
995,1615,4,16:00:00,4,23:59:00,d,n
996,1615,5,12:00:00,6,01:00:00,d,n
997,1615,5,16:00:00,5,23:59:00,d,n
998,1615,6,12:00:00,7,01:00:00,d,n
999,1615,6,16:00:00,6,23:59:00,d,n
1000,1615,7,12:00:00,1,01:00:00,d,n
1001,1615,7,16:00:00,7,23:59:00,d,n
1002,1615,1,16:00:00,1,23:59:00,t,n
1003,1615,2,06:00:00,2,23:00:00,t,n
1004,1615,2,09:00:00,2,16:00:00,t,n
1005,1615,3,06:00:00,4,01:00:00,t,n
1006,1615,3,16:00:00,3,23:59:00,t,n
1007,1615,4,12:00:00,5,01:00:00,t,n
1008,1615,4,16:00:00,4,23:59:00,t,n
1009,1615,5,12:00:00,6,01:00:00,t,n
1010,1615,5,16:00:00,5,23:59:00,t,n
1011,1615,6,12:00:00,7,01:00:00,t,n
1012,1615,6,16:00:00,6,23:59:00,t,n
1013,1615,7,12:00:00,1,01:00:00,t,n
1014,1615,7,16:00:00,7,23:59:00,t,n
1015,1615,1,16:00:00,1,23:59:00,d,y
1016,1615,2,06:00:00,2,23:00:00,d,y
1017,1615,2,09:00:00,2,16:00:00,d,y
1018,1615,3,06:00:00,4,01:00:00,d,y
1019,1615,3,16:00:00,3,23:59:00,d,y
1020,1615,4,12:00:00,5,01:00:00,d,y
1021,1615,4,16:00:00,4,23:59:00,d,y
1022,1615,5,12:00:00,6,01:00:00,d,y
1023,1615,5,16:00:00,5,23:59:00,d,y
1024,1615,6,12:00:00,7,01:00:00,d,y
1025,1615,6,16:00:00,6,23:59:00,d,y
1026,1615,7,12:00:00,1,01:00:00,d,y
1027,1615,7,16:00:00,7,23:59:00,d,y
1028,1615,1,16:00:00,1,23:59:00,t,n
1029,1615,2,06:00:00,2,23:00:00,t,n
1030,1615,2,09:00:00,2,16:00:00,t,n
1031,1615,3,06:00:00,4,01:00:00,t,n
1032,1615,3,16:00:00,3,23:59:00,t,n
1033,1615,4,12:00:00,5,01:00:00,t,n
1034,1615,4,16:00:00,4,23:59:00,t,n
1035,1615,5,12:00:00,6,01:00:00,t,n
1036,1615,5,16:00:00,5,23:59:00,t,n
1037,1615,6,12:00:00,7,01:00:00,t,n
1038,1615,6,16:00:00,6,23:59:00,t,n
1039,1615,7,12:00:00,1,01:00:00,t,n
1040,1615,7,16:00:00,7,23:59:00,t,n
1041,1615,1,16:00:00,1,23:59:00,t,y
1042,1615,2,06:00:00,2,23:00:00,t,y
1043,1615,2,09:00:00,2,16:00:00,t,y
1044,1615,3,06:00:00,4,01:00:00,t,y
1045,1615,3,16:00:00,3,23:59:00,t,y
1046,1615,4,07:00:00,5,01:00:00,t,y
1047,1615,4,16:00:00,4,23:59:00,t,y
1048,1615,5,07:00:00,6,01:00:00,t,y
1049,1615,5,16:00:00,5,23:59:00,t,y
1050,1615,6,07:00:00,7,01:00:00,t,y
1051,1615,6,16:00:00,6,23:59:00,t,y
1052,1615,7,12:00:00,1,01:00:00,t,y
1053,1615,7,16:00:00,7,23:59:00,t,y
1054,1032,1,11:00:00,1,22:00:00,t,y
1055,1032,2,11:00:00,2,22:00:00,t,y
1056,1032,3,11:00:00,3,22:00:00,t,y
1057,1032,4,11:00:00,4,22:00:00,t,y
1058,1032,5,11:00:00,5,22:00:00,t,y
1059,1032,6,11:00:00,6,22:00:00,t,y
1060,1032,7,11:00:00,7,22:00:00,t,y
1061,1171,1,11:00:00,1,23:00:00,t,n
1062,1171,2,11:00:00,2,23:00:00,t,n
1063,1171,3,11:00:00,3,23:00:00,t,n
1064,1171,4,11:00:00,4,23:00:00,t,n
1065,1171,5,11:00:00,5,23:00:00,t,n
1066,1171,6,11:00:00,6,23:00:00,t,n
1067,1171,7,11:00:00,7,23:00:00,t,n
1068,1039,1,11:30:00,1,20:30:00,t,y
1069,1039,3,11:30:00,3,20:30:00,t,y
1070,1039,4,11:30:00,4,20:30:00,t,y
1071,1039,5,11:30:00,5,20:30:00,t,y
1072,1039,6,11:30:00,6,20:30:00,t,y
1073,1039,7,11:30:00,7,20:30:00,t,y
1074,1039,1,11:30:00,1,20:30:00,d,y
1075,1039,3,11:30:00,3,20:30:00,d,y
1076,1039,4,11:30:00,4,20:30:00,d,y
1077,1039,5,11:30:00,5,20:30:00,d,y
1078,1039,6,11:30:00,6,20:30:00,d,y
1079,1039,7,11:30:00,7,20:30:00,d,y
1080,1511,1,11:30:00,2,02:00:00,t,n
1081,1511,1,16:00:00,2,08:30:00,t,n
1082,1511,2,11:30:00,3,02:00:00,t,n
1083,1511,2,16:00:00,3,08:30:00,t,n
1084,1511,3,11:30:00,4,02:00:00,t,n
1085,1511,3,16:00:00,4,08:30:00,t,n
1086,1511,4,11:30:00,5,02:00:00,t,n
1087,1511,4,16:00:00,5,08:30:00,t,n
1088,1511,5,11:30:00,6,02:00:00,t,n
1089,1511,5,16:00:00,6,08:30:00,t,n
1090,1511,6,11:30:00,7,02:00:00,t,n
1091,1511,6,16:00:00,7,08:30:00,t,n
1092,1511,7,00:00:00,7,00:00:00,t,n
1093,1511,7,22:00:00,7,22:00:00,t,n
1094,1511,1,11:30:00,2,02:00:00,d,y
1095,1511,1,16:00:00,2,08:30:00,d,y
1096,1511,2,11:30:00,3,02:00:00,d,y
1097,1511,2,16:00:00,3,08:30:00,d,y
1098,1511,3,11:30:00,4,02:00:00,d,y
1099,1511,3,16:00:00,4,08:30:00,d,y
1100,1511,4,11:30:00,5,02:00:00,d,y
1101,1511,4,16:00:00,5,08:30:00,d,y
1102,1511,5,11:30:00,6,02:00:00,d,y
1103,1511,5,16:00:00,6,08:30:00,d,y
1104,1511,6,11:30:00,7,02:00:00,d,y
1105,1511,6,16:00:00,7,08:30:00,d,y
1106,1511,7,00:00:00,7,00:00:00,d,y
1107,1511,7,22:00:00,7,22:00:00,d,y
1108,1511,1,11:30:00,2,02:00:00,t,y
1109,1511,1,16:00:00,2,08:30:00,t,y
1110,1511,2,11:30:00,3,02:00:00,t,y
1111,1511,2,16:00:00,3,08:30:00,t,y
1112,1511,3,11:30:00,4,02:00:00,t,y
1113,1511,3,16:00:00,4,08:30:00,t,y
1114,1511,4,11:30:00,5,02:00:00,t,y
1115,1511,4,16:00:00,5,08:30:00,t,y
1116,1511,5,11:30:00,6,02:00:00,t,y
1117,1511,5,16:00:00,6,08:30:00,t,y
1118,1511,6,11:30:00,7,02:00:00,t,y
1119,1511,6,16:00:00,7,08:30:00,t,y
1120,1511,7,00:00:00,7,00:00:00,t,y
1121,1511,7,22:00:00,7,22:00:00,t,y
1122,1452,1,11:00:00,1,23:59:00,t,n
1123,1452,2,11:00:00,2,23:59:00,t,n
1124,1452,3,11:00:00,3,23:59:00,t,n
1125,1452,4,11:00:00,4,23:59:00,t,n
1126,1452,5,11:00:00,5,23:59:00,t,n
1127,1452,6,11:00:00,6,23:59:00,t,n
1128,1452,7,11:00:00,7,23:59:00,t,n
1129,1452,1,11:00:00,1,23:59:00,t,n
1130,1452,2,11:00:00,2,23:59:00,t,n
1131,1452,3,11:00:00,3,23:59:00,t,n
1132,1452,4,11:00:00,4,23:59:00,t,n
1133,1452,5,11:00:00,5,23:59:00,t,n
1134,1452,6,11:00:00,6,23:59:00,t,n
1135,1452,7,11:00:00,7,23:59:00,t,n
1136,1452,1,11:00:00,1,23:59:00,d,y
1137,1452,2,11:00:00,2,23:59:00,d,y
1138,1452,3,11:00:00,3,23:59:00,d,y
1139,1452,4,11:00:00,4,23:59:00,d,y
1140,1452,5,11:00:00,5,23:59:00,d,y
1141,1452,6,11:00:00,6,23:59:00,d,y
1142,1452,7,11:00:00,7,23:59:00,d,y
1143,1452,1,11:00:00,1,23:59:00,t,n
1144,1452,2,11:00:00,2,23:59:00,t,n
1145,1452,3,11:00:00,3,23:59:00,t,n
1146,1452,4,11:00:00,4,23:59:00,t,n
1147,1452,5,00:00:00,5,01:00:00,t,n
1148,1452,5,11:00:00,5,23:59:00,t,n
1149,1452,6,00:00:00,6,02:00:00,t,n
1150,1452,6,11:00:00,6,23:59:00,t,n
1151,1452,7,00:00:00,7,02:00:00,t,n
1152,1452,7,11:00:00,7,23:59:00,t,n
1153,1452,1,11:00:00,1,23:59:00,t,y
1154,1452,2,11:00:00,2,23:59:00,t,y
1155,1452,3,11:00:00,3,23:59:00,t,y
1156,1452,4,11:00:00,4,23:59:00,t,y
1157,1452,5,00:00:00,5,01:00:00,t,y
1158,1452,5,11:00:00,5,23:59:00,t,y
1159,1452,6,00:00:00,6,02:00:00,t,y
1160,1452,6,11:00:00,6,23:59:00,t,y
1161,1452,7,00:00:00,7,02:00:00,t,y
1162,1452,7,11:00:00,7,23:59:00,t,y
1163,1632,1,11:00:00,1,23:59:00,t,n
1164,1632,2,11:00:00,2,23:59:00,t,n
1165,1632,3,11:00:00,3,23:59:00,t,n
1166,1632,4,11:00:00,4,23:59:00,t,n
1167,1632,5,00:00:00,5,01:00:00,t,n
1168,1632,5,11:00:00,5,23:59:00,t,n
1169,1632,6,00:00:00,6,01:00:00,t,n
1170,1632,6,11:00:00,6,23:59:00,t,n
1171,1632,7,00:00:00,7,01:00:00,t,n
1172,1632,7,11:00:00,7,23:59:00,t,n
1173,1632,1,11:00:00,1,23:59:00,t,y
1174,1632,2,11:00:00,2,23:59:00,t,y
1175,1632,3,11:00:00,3,23:59:00,t,y
1176,1632,4,11:00:00,4,23:59:00,t,y
1177,1632,5,00:00:00,5,01:00:00,t,y
1178,1632,5,11:00:00,5,23:59:00,t,y
1179,1632,6,00:00:00,6,01:00:00,t,y
1180,1632,6,11:00:00,6,23:59:00,t,y
1181,1632,7,00:00:00,7,01:00:00,t,y
1182,1632,7,11:00:00,7,23:59:00,t,y
1183,1632,1,11:00:00,1,23:59:00,d,y
1184,1632,2,11:00:00,2,23:59:00,d,y
1185,1632,3,11:00:00,3,23:59:00,d,y
1186,1632,4,11:00:00,4,23:59:00,d,y
1187,1632,5,00:00:00,5,01:00:00,d,y
1188,1632,5,11:00:00,5,23:59:00,d,y
1189,1632,6,00:00:00,6,01:00:00,d,y
1190,1632,6,11:00:00,6,23:59:00,d,y
1191,1632,7,00:00:00,7,01:00:00,d,y
1192,1632,7,11:00:00,7,23:59:00,d,y
1193,1634,1,11:00:00,1,20:45:00,t,n
1194,1634,2,19:00:00,2,19:00:00,t,n
1195,1634,3,11:00:00,3,20:45:00,t,n
1196,1634,4,11:00:00,4,20:45:00,t,n
1197,1634,5,11:00:00,5,20:45:00,t,n
1198,1634,6,11:00:00,6,20:45:00,t,n
1199,1634,7,11:00:00,7,20:45:00,t,n
1200,1634,1,11:00:00,1,20:45:00,t,n
1201,1634,3,11:00:00,3,20:45:00,t,n
1202,1634,4,11:00:00,4,20:45:00,t,n
1203,1634,5,11:00:00,5,20:45:00,t,n
1204,1634,6,11:00:00,6,20:45:00,t,n
1205,1634,7,11:00:00,7,20:45:00,t,n
1206,1634,1,11:00:00,1,20:45:00,d,y
1207,1634,3,11:00:00,3,20:45:00,d,y
1208,1634,4,11:00:00,4,20:45:00,d,y
1209,1634,5,11:00:00,5,20:45:00,d,y
1210,1634,6,11:00:00,6,20:45:00,d,y
1211,1634,7,11:00:00,7,20:45:00,d,y
1212,1634,1,11:00:00,1,20:45:00,t,n
1213,1634,3,11:00:00,3,20:45:00,t,n
1214,1634,4,11:00:00,4,20:45:00,t,n
1215,1634,5,11:00:00,5,20:45:00,t,n
1216,1634,6,11:00:00,6,20:45:00,t,n
1217,1634,7,11:00:00,7,20:45:00,t,n
1218,1634,1,11:00:00,1,20:45:00,t,n
1219,1634,2,11:00:00,2,23:00:00,t,n
1220,1634,3,11:00:00,3,20:45:00,t,n
1221,1634,4,11:00:00,4,20:45:00,t,n
1222,1634,5,11:00:00,5,20:45:00,t,n
1223,1634,6,11:00:00,6,20:45:00,t,n
1224,1634,7,11:00:00,7,20:45:00,t,n
1225,1634,1,11:00:00,1,20:45:00,t,y
1226,1634,3,11:00:00,3,20:45:00,t,y
1227,1634,4,11:00:00,4,20:45:00,t,y
1228,1634,5,11:00:00,5,20:45:00,t,y
1229,1634,6,11:00:00,6,20:45:00,t,y
1230,1634,7,11:00:00,7,20:45:00,t,y
1231,1171,1,10:00:00,1,22:00:00,t,y
1232,1171,2,10:00:00,2,22:00:00,t,y
1233,1171,3,10:00:00,3,22:00:00,t,y
1234,1171,4,10:00:00,4,22:00:00,t,y
1235,1171,5,09:00:00,5,22:30:00,t,y
1236,1171,6,09:00:00,6,22:30:00,t,y
1237,1171,7,09:30:00,7,22:00:00,t,y
1238,1635,1,11:00:00,1,21:00:00,t,n
1239,1635,2,11:00:00,2,21:00:00,t,n
1240,1635,3,11:00:00,3,21:00:00,t,n
1241,1635,4,11:00:00,4,23:00:00,t,n
1242,1635,5,11:00:00,5,23:00:00,t,n
1243,1635,6,11:00:00,6,23:00:00,t,n
1244,1635,7,11:00:00,7,21:00:00,t,n
1245,1635,1,11:00:00,1,21:00:00,d,y
1246,1635,2,11:00:00,2,21:00:00,d,y
1247,1635,3,11:00:00,3,21:00:00,d,y
1248,1635,4,11:00:00,4,23:00:00,d,y
1249,1635,5,11:00:00,5,23:00:00,d,y
1250,1635,6,11:00:00,6,23:00:00,d,y
1251,1635,7,11:00:00,7,21:00:00,d,y
1252,1635,1,11:00:00,1,21:00:00,t,y
1253,1635,2,11:00:00,2,21:00:00,t,y
1254,1635,3,11:00:00,3,21:00:00,t,y
1255,1635,4,11:00:00,4,23:00:00,t,y
1256,1635,5,11:00:00,5,23:00:00,t,y
1257,1635,6,11:00:00,6,23:00:00,t,y
1258,1635,7,11:00:00,7,21:00:00,t,y
1259,1636,1,11:00:00,1,22:00:00,t,y
1260,1636,2,11:00:00,2,22:00:00,t,y
1261,1636,3,11:00:00,3,22:00:00,t,y
1262,1636,4,11:00:00,4,23:00:00,t,y
1263,1636,5,11:00:00,5,23:00:00,t,y
1264,1636,6,11:00:00,6,23:00:00,t,y
1265,1636,7,11:00:00,7,22:00:00,t,y
1266,1636,1,11:00:00,1,22:00:00,d,y
1267,1636,2,11:00:00,2,22:00:00,d,y
1268,1636,3,11:00:00,3,22:00:00,d,y
1269,1636,4,11:00:00,4,23:00:00,d,y
1270,1636,5,11:00:00,5,23:00:00,d,y
1271,1636,6,11:00:00,6,23:00:00,d,y
1272,1636,7,11:00:00,7,22:00:00,d,y
1273,1637,1,11:00:00,1,23:00:00,t,n
1274,1637,2,11:00:00,2,23:00:00,t,n
1275,1637,3,11:00:00,3,23:00:00,t,n
1276,1637,4,11:00:00,4,23:00:00,t,n
1277,1637,5,11:00:00,5,23:00:00,t,n
1278,1637,6,11:00:00,6,23:00:00,t,n
1279,1637,7,11:00:00,7,23:00:00,t,n
1280,1637,1,11:00:00,1,23:00:00,d,n
1281,1637,2,11:00:00,2,23:00:00,d,n
1282,1637,3,11:00:00,3,23:00:00,d,n
1283,1637,4,11:00:00,4,23:00:00,d,n
1284,1637,5,11:00:00,5,23:00:00,d,n
1285,1637,6,11:00:00,6,23:00:00,d,n
1286,1637,7,11:00:00,7,23:00:00,d,n
1287,1637,1,00:00:00,1,02:00:00,t,n
1288,1637,1,11:00:00,1,11:59:00,t,n
1289,1637,2,00:00:00,2,02:00:00,t,n
1290,1637,2,11:00:00,2,11:59:00,t,n
1291,1637,3,00:00:00,3,02:00:00,t,n
1292,1637,3,11:00:00,3,11:59:00,t,n
1293,1637,4,00:00:00,4,02:00:00,t,n
1294,1637,4,11:00:00,4,11:59:00,t,n
1295,1637,5,00:00:00,5,03:00:00,t,n
1296,1637,5,11:00:00,5,11:59:00,t,n
1297,1637,6,00:00:00,6,03:00:00,t,n
1298,1637,6,11:00:00,6,11:59:00,t,n
1299,1637,7,00:00:00,7,03:00:00,t,n
1300,1637,7,11:00:00,7,11:59:00,t,n
1301,1637,1,00:00:00,1,02:00:00,d,n
1302,1637,1,11:00:00,1,11:59:00,d,n
1303,1637,2,00:00:00,2,02:00:00,d,n
1304,1637,2,11:00:00,2,11:59:00,d,n
1305,1637,3,00:00:00,3,02:00:00,d,n
1306,1637,3,11:00:00,3,11:59:00,d,n
1307,1637,4,00:00:00,4,02:00:00,d,n
1308,1637,4,11:00:00,4,11:59:00,d,n
1309,1637,5,00:00:00,5,03:00:00,d,n
1310,1637,5,11:00:00,5,11:59:00,d,n
1311,1637,6,00:00:00,6,03:00:00,d,n
1312,1637,6,11:00:00,6,11:59:00,d,n
1313,1637,7,00:00:00,7,03:00:00,d,n
1314,1637,7,11:00:00,7,11:59:00,d,n
1315,1637,1,00:00:00,1,02:00:00,t,n
1316,1637,1,11:00:00,1,23:59:00,t,n
1317,1637,2,00:00:00,2,02:00:00,t,n
1318,1637,2,11:00:00,2,23:59:00,t,n
1319,1637,3,00:00:00,3,02:00:00,t,n
1320,1637,3,11:00:00,3,23:59:00,t,n
1321,1637,4,00:00:00,4,02:00:00,t,n
1322,1637,4,11:00:00,4,23:59:00,t,n
1323,1637,5,00:00:00,5,03:00:00,t,n
1324,1637,5,11:00:00,5,23:59:00,t,n
1325,1637,6,00:00:00,6,03:00:00,t,n
1326,1637,6,11:00:00,6,23:59:00,t,n
1327,1637,7,00:00:00,7,03:00:00,t,n
1328,1637,7,11:00:00,7,23:59:00,t,n
1329,1637,1,11:00:00,2,02:00:00,t,n
1330,1637,2,11:00:00,3,02:00:00,t,n
1331,1637,3,11:00:00,4,02:00:00,t,n
1332,1637,4,11:00:00,5,02:00:00,t,n
1333,1637,5,11:00:00,6,03:00:00,t,n
1334,1637,6,11:00:00,7,03:00:00,t,n
1335,1637,7,11:00:00,1,03:00:00,t,n
1336,1637,1,11:00:00,2,02:00:00,t,n
1337,1637,2,11:00:00,3,02:00:00,t,n
1338,1637,3,11:00:00,4,02:00:00,t,n
1339,1637,4,11:00:00,5,02:00:00,t,n
1340,1637,5,11:00:00,6,03:00:00,t,n
1341,1637,6,11:00:00,7,03:00:00,t,n
1342,1637,7,11:00:00,1,03:00:00,t,n
1343,1637,1,11:00:00,2,02:00:00,d,n
1344,1637,2,11:00:00,3,02:00:00,d,n
1345,1637,3,11:00:00,4,02:00:00,d,n
1346,1637,4,11:00:00,5,02:00:00,d,n
1347,1637,5,11:00:00,6,03:00:00,d,n
1348,1637,6,11:00:00,7,03:00:00,d,n
1349,1637,7,11:00:00,1,03:00:00,d,n
1350,1637,1,11:00:00,2,02:00:00,t,n
1351,1637,2,11:00:00,3,02:00:00,t,n
1352,1637,3,11:00:00,4,02:00:00,t,n
1353,1637,4,11:00:00,5,02:00:00,t,n
1354,1637,5,11:00:00,6,03:00:00,t,n
1355,1637,6,11:00:00,7,03:00:00,t,n
1356,1637,7,11:00:00,1,02:00:00,t,n
1357,1637,1,11:00:00,2,02:00:00,t,n
1358,1637,2,11:00:00,3,02:00:00,t,n
1359,1637,3,11:00:00,4,02:00:00,t,n
1360,1637,4,11:00:00,5,03:00:00,t,n
1361,1637,5,11:00:00,6,03:00:00,t,n
1362,1637,6,11:00:00,7,03:00:00,t,n
1363,1637,7,11:00:00,1,02:00:00,t,n
1364,1637,1,11:00:00,2,02:00:00,d,n
1365,1637,2,11:00:00,3,02:00:00,d,n
1366,1637,3,11:00:00,4,02:00:00,d,n
1367,1637,4,11:00:00,5,03:00:00,d,n
1368,1637,5,11:00:00,6,03:00:00,d,n
1369,1637,6,11:00:00,7,03:00:00,d,n
1370,1637,7,11:00:00,1,02:00:00,d,n
1371,1637,1,11:00:00,2,02:00:00,t,n
1372,1637,2,11:00:00,3,02:00:00,t,n
1373,1637,3,11:00:00,4,02:00:00,t,n
1374,1637,4,11:00:00,5,03:00:00,t,n
1375,1637,5,11:00:00,6,03:00:00,t,n
1376,1637,6,11:00:00,7,03:00:00,t,n
1377,1637,7,11:00:00,1,02:00:00,t,n
1378,1638,2,11:00:00,2,23:00:00,t,n
1379,1638,3,11:00:00,3,22:00:00,t,n
1380,1638,4,11:00:00,4,22:00:00,t,n
1381,1638,5,11:00:00,5,21:00:00,t,n
1382,1638,6,11:00:00,6,21:00:00,t,n
1383,1638,2,11:00:00,2,23:00:00,d,n
1384,1638,3,11:00:00,3,22:00:00,d,n
1385,1638,4,11:00:00,4,22:00:00,d,n
1386,1638,5,11:00:00,5,21:00:00,d,n
1387,1638,6,11:00:00,6,21:00:00,d,n
1388,1638,2,11:00:00,2,20:00:00,t,n
1389,1638,3,11:00:00,3,20:00:00,t,n
1390,1638,4,11:00:00,4,20:00:00,t,n
1391,1638,5,11:00:00,5,21:00:00,t,n
1392,1638,6,11:00:00,6,21:00:00,t,n
1393,1638,2,11:00:00,2,20:00:00,d,y
1394,1638,3,11:00:00,3,20:00:00,d,y
1395,1638,4,11:00:00,4,20:00:00,d,y
1396,1638,5,11:00:00,5,21:00:00,d,y
1397,1638,6,11:00:00,6,21:00:00,d,y
1398,1638,2,11:00:00,2,20:00:00,t,n
1399,1638,3,11:00:00,3,20:00:00,t,n
1400,1638,4,11:00:00,4,20:00:00,t,n
1401,1638,5,11:00:00,5,21:00:00,t,n
1402,1638,6,11:00:00,6,21:00:00,t,n
1403,1638,2,11:00:00,2,20:00:00,t,n
1404,1638,3,11:00:00,3,20:00:00,t,n
1405,1638,4,11:00:00,4,20:00:00,t,n
1406,1638,5,11:00:00,5,21:00:00,t,n
1407,1638,6,11:00:00,6,21:00:00,t,n
1408,1639,1,11:00:00,1,21:00:00,t,n
1409,1639,2,11:00:00,2,21:00:00,t,n
1410,1639,3,11:00:00,3,21:00:00,t,n
1411,1639,4,11:00:00,4,22:00:00,t,n
1412,1639,5,11:00:00,5,23:00:00,t,n
1413,1639,6,11:00:00,6,23:00:00,t,n
1414,1639,7,11:00:00,7,21:00:00,t,n
1415,1639,1,11:00:00,1,21:00:00,d,n
1416,1639,2,11:00:00,2,21:00:00,d,n
1417,1639,3,11:00:00,3,21:00:00,d,n
1418,1639,4,11:00:00,4,22:00:00,d,n
1419,1639,5,11:00:00,5,23:00:00,d,n
1420,1639,6,11:00:00,6,23:00:00,d,n
1421,1639,7,11:00:00,7,21:00:00,d,n
1422,1640,2,11:00:00,2,21:00:00,t,n
1423,1640,3,16:00:00,3,21:00:00,t,n
1424,1640,4,11:00:00,4,21:00:00,t,n
1425,1640,5,11:00:00,5,21:00:00,t,n
1426,1640,6,11:00:00,6,21:00:00,t,n
1427,1640,2,11:00:00,2,21:00:00,d,n
1428,1640,3,16:00:00,3,21:00:00,d,n
1429,1640,4,11:00:00,4,21:00:00,d,n
1430,1640,5,11:00:00,5,21:00:00,d,n
1431,1640,6,11:00:00,6,21:00:00,d,n
1432,1642,2,11:30:00,2,14:30:00,t,n
1433,1642,2,16:00:00,2,21:00:00,t,n
1434,1642,3,16:00:00,3,21:00:00,t,n
1435,1642,4,11:30:00,4,14:30:00,t,n
1436,1642,4,16:00:00,4,21:00:00,t,n
1437,1642,5,16:00:00,5,21:00:00,t,n
1438,1642,6,11:30:00,6,14:30:00,t,n
1439,1642,6,16:00:00,6,21:00:00,t,n
1440,1642,7,16:00:00,7,20:30:00,t,n
1441,1643,1,11:00:00,2,01:00:00,t,n
1442,1643,1,11:00:00,2,01:00:00,t,y
1443,1643,2,11:00:00,3,01:00:00,t,y
1444,1643,3,11:00:00,4,01:00:00,t,y
1445,1643,4,11:00:00,5,01:00:00,t,y
1446,1643,5,11:00:00,6,01:00:00,t,y
1447,1643,6,11:00:00,7,01:00:00,t,y
1448,1643,7,11:00:00,1,01:00:00,t,y
1449,1640,1,16:00:00,1,21:00:00,t,n
1450,1640,2,11:00:00,2,21:00:00,t,n
1451,1640,3,16:00:00,3,21:00:00,t,n
1452,1640,4,11:00:00,4,21:00:00,t,n
1453,1640,5,11:00:00,5,21:00:00,t,n
1454,1640,6,11:00:00,6,21:00:00,t,n
1455,1640,7,16:00:00,7,21:00:00,t,n
1456,1640,1,16:00:00,1,21:00:00,d,n
1457,1640,2,11:00:00,2,21:00:00,d,n
1458,1640,3,16:00:00,3,21:00:00,d,n
1459,1640,4,11:00:00,4,21:00:00,d,n
1460,1640,5,11:00:00,5,21:00:00,d,n
1461,1640,6,11:00:00,6,21:00:00,d,n
1462,1640,7,16:00:00,7,21:00:00,d,n
1463,1654,1,12:00:00,1,22:00:00,t,n
1464,1654,2,12:00:00,2,22:00:00,t,n
1465,1654,3,12:00:00,3,22:00:00,t,n
1466,1654,4,12:00:00,4,22:00:00,t,n
1467,1654,5,12:00:00,5,22:00:00,t,n
1468,1654,6,12:00:00,6,22:00:00,t,n
1469,1654,7,15:00:00,7,22:00:00,t,n
1470,1654,1,11:00:00,1,21:00:00,t,n
1471,1654,2,11:00:00,2,21:00:00,t,n
1472,1654,3,11:00:00,3,21:00:00,t,n
1473,1654,4,11:00:00,4,21:00:00,t,n
1474,1654,5,11:00:00,5,21:00:00,t,n
1475,1654,6,13:00:00,6,21:00:00,t,n
1476,1655,1,11:00:00,1,23:45:00,d,y
1477,1655,2,11:00:00,2,23:45:00,d,y
1478,1655,3,11:00:00,3,23:45:00,d,y
1479,1655,4,11:00:00,4,23:45:00,d,y
1480,1655,5,11:00:00,5,23:45:00,d,y
1481,1655,6,11:00:00,6,23:45:00,d,y
1482,1655,7,11:00:00,7,23:45:00,d,y
1483,1655,1,11:00:00,1,23:45:00,t,y
1484,1655,2,11:00:00,2,23:45:00,t,y
1485,1655,3,11:00:00,3,23:45:00,t,y
1486,1655,4,11:00:00,4,23:45:00,t,y
1487,1655,5,11:00:00,5,23:45:00,t,y
1488,1655,6,11:00:00,6,23:45:00,t,y
1489,1655,7,11:00:00,7,23:45:00,t,y
1490,1656,1,11:00:00,1,20:30:00,t,y
1491,1656,2,11:00:00,2,20:30:00,t,y
1492,1656,3,11:00:00,3,20:30:00,t,y
1493,1656,4,11:00:00,4,20:30:00,t,y
1494,1656,5,11:00:00,5,20:30:00,t,y
1495,1656,6,11:00:00,6,20:30:00,t,y
1496,1656,7,11:00:00,7,19:30:00,t,y
1497,1656,1,11:00:00,1,20:30:00,d,y
1498,1656,2,11:00:00,2,20:30:00,d,y
1499,1656,3,11:00:00,3,20:30:00,d,y
1500,1656,4,11:00:00,4,20:30:00,d,y
1501,1656,5,11:00:00,5,20:30:00,d,y
1502,1656,6,11:00:00,6,20:30:00,d,y
1503,1656,7,11:00:00,7,19:30:00,d,y
1504,1595,1,11:00:00,1,23:00:00,t,n
1505,1595,2,07:00:00,2,22:00:00,t,n
1506,1595,3,09:00:00,3,23:00:00,t,n
1507,1595,4,11:00:00,4,23:00:00,t,n
1508,1595,5,01:00:00,5,23:00:00,t,n
1509,1595,6,11:00:00,6,23:00:00,t,n
1510,1595,7,11:00:00,7,23:00:00,t,n
1511,1657,2,17:00:00,2,23:00:00,t,n
1512,1657,3,17:00:00,3,17:00:00,t,n
1513,1657,4,17:00:00,4,22:00:00,t,n
1514,1657,5,17:00:00,5,22:00:00,t,n
1515,1657,6,17:00:00,6,22:00:00,t,n
1516,1657,7,17:00:00,7,22:00:00,t,n
1517,1657,2,17:00:00,2,23:00:00,d,n
1518,1657,3,17:00:00,3,17:00:00,d,n
1519,1657,4,17:00:00,4,22:00:00,d,n
1520,1657,5,17:00:00,5,22:00:00,d,n
1521,1657,6,17:00:00,6,22:00:00,d,n
1522,1657,7,17:00:00,7,22:00:00,d,n
1523,1657,2,17:00:00,2,22:00:00,t,y
1524,1657,3,17:00:00,3,22:00:00,t,y
1525,1657,4,17:00:00,4,22:00:00,t,y
1526,1657,5,17:00:00,5,22:00:00,t,y
1527,1657,6,17:00:00,6,22:00:00,t,y
1528,1657,7,17:00:00,7,22:00:00,t,y
1529,1660,1,15:00:00,1,20:00:00,t,n
1530,1660,2,15:00:00,2,20:00:00,t,n
1531,1660,3,15:00:00,3,20:00:00,t,n
1532,1660,4,15:00:00,4,20:00:00,t,n
1533,1660,5,15:00:00,5,20:00:00,t,n
1534,1660,6,15:00:00,6,20:00:00,t,n
1535,1660,1,15:00:00,1,20:00:00,d,y
1536,1660,2,15:00:00,2,20:00:00,d,y
1537,1660,3,15:00:00,3,20:00:00,d,y
1538,1660,4,15:00:00,4,20:00:00,d,y
1539,1660,5,15:00:00,5,20:00:00,d,y
1540,1660,6,15:00:00,6,20:00:00,d,y
1541,1657,6,17:00:00,6,22:00:00,d,y
1542,1657,7,17:00:00,7,22:00:00,d,y
1543,1662,1,15:00:00,1,20:00:00,t,y
1544,1662,2,15:00:00,2,20:00:00,t,y
1545,1662,3,11:00:00,3,20:00:00,t,y
1546,1662,4,11:00:00,4,20:00:00,t,y
1547,1662,5,11:00:00,5,20:00:00,t,y
1548,1662,6,15:00:00,6,20:00:00,t,y
1549,1662,1,15:00:00,1,20:00:00,d,y
1550,1662,2,15:00:00,2,20:00:00,d,y
1551,1662,3,11:00:00,3,20:00:00,d,y
1552,1662,4,11:00:00,4,20:00:00,d,y
1553,1662,5,11:00:00,5,20:00:00,d,y
1554,1662,6,15:00:00,6,20:00:00,d,y
1555,1659,1,15:00:00,1,20:00:00,t,y
1556,1659,2,15:00:00,2,20:00:00,t,y
1557,1659,3,11:00:00,3,20:00:00,t,y
1558,1659,4,11:00:00,4,20:00:00,t,y
1559,1659,5,11:00:00,5,20:00:00,t,y
1560,1659,6,15:00:00,6,20:00:00,t,y
1561,1659,1,15:00:00,1,20:00:00,d,y
1562,1659,2,15:00:00,2,20:00:00,d,y
1563,1659,3,11:00:00,3,20:00:00,d,y
1564,1659,4,11:00:00,4,20:00:00,d,y
1565,1659,5,11:00:00,5,20:00:00,d,y
1566,1659,6,15:00:00,6,20:00:00,d,y
1567,1663,1,11:00:00,1,21:00:00,t,n
1568,1663,2,11:00:00,2,21:00:00,t,n
1569,1663,3,11:00:00,3,21:00:00,t,n
1570,1663,4,11:00:00,4,21:30:00,t,n
1571,1663,5,11:00:00,5,21:30:00,t,n
1572,1663,6,11:00:00,6,21:30:00,t,n
1573,1663,7,15:00:00,7,21:00:00,t,n
1574,1663,1,11:00:00,1,21:00:00,d,n
1575,1663,2,11:00:00,2,21:00:00,d,n
1576,1663,3,11:00:00,3,21:00:00,d,n
1577,1663,4,11:00:00,4,21:30:00,d,n
1578,1663,5,11:00:00,5,21:30:00,d,n
1579,1663,6,11:00:00,6,21:30:00,d,n
1580,1663,7,15:00:00,7,21:00:00,d,n
1581,1661,1,11:00:00,1,21:00:00,t,n
1582,1661,2,11:00:00,2,21:00:00,t,n
1583,1661,3,11:00:00,3,21:00:00,t,n
1584,1661,4,11:00:00,4,21:30:00,t,n
1585,1661,5,11:00:00,5,21:30:00,t,n
1586,1661,6,11:00:00,6,21:30:00,t,n
1587,1661,7,15:00:00,7,21:00:00,t,n
1588,1661,1,11:00:00,1,21:00:00,d,n
1589,1661,2,11:00:00,2,21:00:00,d,n
1590,1661,3,11:00:00,3,21:00:00,d,n
1591,1661,4,11:00:00,4,21:30:00,d,n
1592,1661,5,11:00:00,5,21:30:00,d,n
1593,1661,6,11:00:00,6,21:30:00,d,n
1594,1661,7,15:00:00,7,21:00:00,d,n
1595,1664,1,15:00:00,1,20:00:00,t,y
1596,1664,2,15:00:00,2,20:00:00,t,y
1597,1664,3,11:00:00,3,20:00:00,t,y
1598,1664,4,11:00:00,4,20:00:00,t,y
1599,1664,5,11:00:00,5,20:00:00,t,y
1600,1664,6,15:00:00,6,20:00:00,t,y
1601,1664,1,15:00:00,1,20:00:00,d,y
1602,1664,2,15:00:00,2,20:00:00,d,y
1603,1664,3,11:00:00,3,20:00:00,d,y
1604,1664,4,11:00:00,4,20:00:00,d,y
1605,1664,5,11:00:00,5,20:00:00,d,y
1606,1664,6,15:00:00,6,20:00:00,d,y
1607,1658,1,15:00:00,1,20:00:00,t,y
1608,1658,2,15:00:00,2,20:00:00,t,y
1609,1658,3,11:00:00,3,20:00:00,t,y
1610,1658,4,11:00:00,4,20:00:00,t,y
1611,1658,5,11:00:00,5,20:00:00,t,y
1612,1658,6,15:00:00,6,20:00:00,t,y
1613,1658,1,15:00:00,1,20:00:00,d,y
1614,1658,2,15:00:00,2,20:00:00,d,y
1615,1658,3,11:00:00,3,20:00:00,d,y
1616,1658,4,11:00:00,4,20:00:00,d,y
1617,1658,5,11:00:00,5,20:00:00,d,y
1618,1658,6,15:00:00,6,20:00:00,d,y
1619,1642,2,11:30:00,2,14:30:00,t,n
1620,1642,2,16:00:00,2,21:00:00,t,n
1621,1642,3,16:00:00,3,21:00:00,t,n
1622,1642,4,11:30:00,4,14:30:00,t,n
1623,1642,4,16:00:00,4,21:00:00,t,n
1624,1642,5,16:00:00,5,21:00:00,t,n
1625,1642,6,16:00:00,6,21:00:00,t,n
1626,1642,7,16:00:00,7,20:30:00,t,n
1627,1642,2,11:30:00,2,14:30:00,d,n
1628,1642,2,16:00:00,2,21:00:00,d,n
1629,1642,3,16:00:00,3,21:00:00,d,n
1630,1642,4,11:30:00,4,14:30:00,d,n
1631,1642,4,16:00:00,4,21:00:00,d,n
1632,1642,5,16:00:00,5,21:00:00,d,n
1633,1642,6,16:00:00,6,21:00:00,d,n
1634,1642,7,16:00:00,7,20:30:00,d,n
1635,1660,1,14:00:00,1,20:00:00,t,n
1636,1660,2,15:00:00,2,20:00:00,t,n
1637,1660,3,15:00:00,3,20:00:00,t,n
1638,1660,4,15:00:00,4,20:00:00,t,n
1639,1660,5,15:00:00,5,20:00:00,t,n
1640,1660,6,15:00:00,6,20:00:00,t,n
1641,1660,1,15:00:00,1,20:00:00,t,y
1642,1660,2,15:00:00,2,20:00:00,t,y
1643,1660,3,15:00:00,3,20:00:00,t,y
1644,1660,4,15:00:00,4,20:00:00,t,y
1645,1660,5,15:00:00,5,20:00:00,t,y
1646,1660,6,15:00:00,6,20:00:00,t,y
1647,1642,2,17:00:00,2,21:00:00,t,n
1648,1642,3,17:00:00,3,21:00:00,t,n
1649,1642,4,17:00:00,4,21:00:00,t,n
1650,1642,4,16:00:00,4,21:00:00,t,n
1651,1642,5,17:00:00,5,21:00:00,t,n
1652,1642,6,17:00:00,6,21:00:00,t,n
1653,1642,7,17:00:00,7,21:00:00,t,n
1654,1642,2,17:00:00,2,21:00:00,t,n
1655,1642,3,17:00:00,3,21:00:00,t,n
1656,1642,4,17:00:00,4,21:00:00,t,n
1657,1642,5,17:00:00,5,21:00:00,t,n
1658,1642,6,17:00:00,6,21:00:00,t,n
1659,1642,7,17:00:00,7,21:00:00,t,n
1660,1638,4,11:00:00,4,20:00:00,t,y
1661,1638,5,11:00:00,5,21:00:00,t,y
1662,1638,6,11:00:00,6,21:00:00,t,y
1663,1665,1,11:00:00,1,23:00:00,d,n
1664,1665,2,11:00:00,2,23:00:00,d,n
1665,1665,3,11:00:00,3,23:00:00,d,n
1666,1665,4,11:00:00,4,23:00:00,d,n
1667,1665,5,11:00:00,5,23:00:00,d,n
1668,1665,6,11:00:00,6,23:00:00,d,n
1669,1665,7,11:00:00,7,23:00:00,d,n
1670,1665,1,08:00:00,1,23:00:00,t,n
1671,1665,2,08:00:00,2,23:00:00,t,n
1672,1665,3,08:00:00,3,23:00:00,t,n
1673,1665,4,08:00:00,4,23:00:00,t,n
1674,1665,5,08:00:00,5,23:00:00,t,n
1675,1665,6,08:00:00,6,23:00:00,t,n
1676,1665,7,08:00:00,7,23:00:00,t,n
1677,1665,1,11:00:00,1,23:00:00,t,n
1678,1665,2,11:00:00,2,23:00:00,t,n
1679,1665,3,11:00:00,3,23:00:00,t,n
1680,1665,4,11:00:00,4,23:00:00,t,n
1681,1665,5,11:00:00,5,23:00:00,t,n
1682,1665,6,11:00:00,6,23:00:00,t,n
1683,1665,7,11:00:00,7,23:00:00,t,n
1684,1665,1,11:00:00,2,00:00:00,t,y
1685,1665,2,11:00:00,3,00:00:00,t,y
1686,1665,3,11:00:00,4,00:00:00,t,y
1687,1665,4,11:00:00,5,00:00:00,t,y
1688,1665,5,11:00:00,6,02:00:00,t,y
1689,1665,6,11:00:00,7,02:00:00,t,y
1690,1665,7,11:00:00,1,00:00:00,t,y
1691,1665,1,11:00:00,2,00:00:00,d,y
1692,1665,2,11:00:00,3,00:00:00,d,y
1693,1665,3,11:00:00,4,00:00:00,d,y
1694,1665,4,11:00:00,5,00:00:00,d,y
1695,1665,5,11:00:00,6,02:00:00,d,y
1696,1665,6,11:00:00,7,02:00:00,d,y
1697,1665,7,11:00:00,1,00:00:00,d,y
1698,1661,1,14:30:00,1,21:00:00,t,y
1699,1661,2,14:30:00,2,21:00:00,t,y
1700,1661,3,11:00:00,3,21:00:00,t,y
1701,1661,4,11:00:00,4,21:30:00,t,y
1702,1661,5,11:00:00,5,21:30:00,t,y
1703,1661,6,11:00:00,6,21:30:00,t,y
1704,1661,7,15:00:00,7,21:00:00,t,y
1705,1661,1,14:30:00,1,21:00:00,d,y
1706,1661,2,14:30:00,2,21:00:00,d,y
1707,1661,3,11:00:00,3,21:00:00,d,y
1708,1661,4,11:00:00,4,21:30:00,d,y
1709,1661,5,11:00:00,5,21:30:00,d,y
1710,1661,6,11:00:00,6,21:30:00,d,y
1711,1661,7,15:00:00,7,21:00:00,d,y
1712,1654,1,11:00:00,1,21:00:00,t,n
1713,1654,2,11:00:00,2,21:00:00,t,n
1714,1654,3,11:00:00,3,21:00:00,t,n
1715,1654,4,11:00:00,4,21:00:00,t,n
1716,1654,5,11:00:00,5,22:00:00,t,n
1717,1654,6,13:00:00,6,21:00:00,t,n
1718,1654,1,11:00:00,1,21:00:00,t,y
1719,1654,2,11:00:00,2,21:00:00,t,y
1720,1654,3,11:00:00,3,21:00:00,t,y
1721,1654,4,11:00:00,4,21:00:00,t,y
1722,1654,5,11:00:00,5,22:00:00,t,y
1723,1654,6,13:00:00,6,22:00:00,t,y
1724,1654,7,15:00:00,7,21:00:00,t,y
1725,1639,1,11:00:00,1,21:00:00,t,n
1726,1639,2,11:00:00,2,21:00:00,t,n
1727,1639,3,11:00:00,3,21:00:00,t,n
1728,1639,4,11:00:00,4,22:00:00,t,n
1729,1639,5,11:00:00,5,23:00:00,t,n
1730,1639,6,11:00:00,6,23:00:00,t,n
1731,1639,7,15:00:00,7,21:00:00,t,n
1732,1639,1,11:00:00,1,21:00:00,d,n
1733,1639,2,11:00:00,2,21:00:00,d,n
1734,1639,3,11:00:00,3,21:00:00,d,n
1735,1639,4,11:00:00,4,22:00:00,d,n
1736,1639,5,11:00:00,5,23:00:00,d,n
1737,1639,6,11:00:00,6,23:00:00,d,n
1738,1639,7,15:00:00,7,21:00:00,d,n
1739,1642,2,16:00:00,2,20:30:00,t,n
1740,1642,3,16:00:00,3,20:30:00,t,n
1741,1642,4,11:30:00,4,14:30:00,t,n
1742,1642,4,16:00:00,4,21:00:00,t,n
1743,1642,5,11:30:00,5,14:30:00,t,n
1744,1642,5,16:00:00,5,21:00:00,t,n
1745,1642,6,16:00:00,6,21:00:00,t,n
1746,1642,7,16:00:00,7,21:00:00,t,n
1747,1642,2,16:00:00,2,20:30:00,d,n
1748,1642,3,16:00:00,3,20:30:00,d,n
1749,1642,4,11:30:00,4,14:30:00,d,n
1750,1642,4,16:00:00,4,21:00:00,d,n
1751,1642,5,11:30:00,5,14:30:00,d,n
1752,1642,5,16:00:00,5,21:00:00,d,n
1753,1642,6,16:00:00,6,21:00:00,d,n
1754,1642,7,16:00:00,7,21:00:00,d,n
1755,1666,1,15:00:00,1,21:00:00,t,n
1756,1666,2,11:00:00,2,21:00:00,t,n
1757,1666,3,11:00:00,3,21:00:00,t,n
1758,1666,4,11:00:00,4,21:00:00,t,n
1759,1666,5,11:00:00,5,21:00:00,t,n
1760,1666,6,11:00:00,6,21:00:00,t,n
1761,1666,1,16:00:00,1,21:00:00,d,y
1762,1666,2,16:00:00,2,21:00:00,d,y
1763,1666,3,16:00:00,3,21:00:00,d,y
1764,1666,4,16:00:00,4,21:00:00,d,y
1765,1666,5,16:00:00,5,21:00:00,d,y
1766,1666,6,16:00:00,6,21:00:00,d,y
1767,1639,1,11:00:00,1,21:00:00,t,n
1768,1639,2,11:00:00,2,21:00:00,t,n
1769,1639,3,11:00:00,3,21:00:00,t,n
1770,1639,4,11:00:00,4,22:00:00,t,n
1771,1639,5,11:00:00,5,23:00:00,t,n
1772,1639,6,11:00:00,6,23:00:00,t,n
1773,1639,7,11:00:00,7,21:00:00,t,n
1774,1639,1,11:00:00,1,21:00:00,d,n
1775,1639,2,11:00:00,2,21:00:00,d,n
1776,1639,3,11:00:00,3,21:00:00,d,n
1777,1639,4,11:00:00,4,22:00:00,d,n
1778,1639,5,11:00:00,5,23:00:00,d,n
1779,1639,6,11:00:00,6,23:00:00,d,n
1780,1639,7,11:00:00,7,21:00:00,d,n
1781,1666,1,15:00:00,1,21:00:00,t,n
1782,1666,2,11:00:00,2,21:00:00,t,n
1783,1666,3,11:00:00,3,21:00:00,t,n
1784,1666,4,10:00:00,4,21:00:00,t,n
1785,1666,5,11:00:00,5,21:00:00,t,n
1786,1666,6,11:00:00,6,21:00:00,t,n
1787,1666,1,15:00:00,1,21:00:00,t,n
1788,1666,2,11:00:00,2,21:00:00,t,n
1789,1666,3,11:00:00,3,21:00:00,t,n
1790,1666,4,01:11:00,4,21:00:00,t,n
1791,1666,5,11:00:00,5,21:00:00,t,n
1792,1666,6,11:00:00,6,21:00:00,t,n
1793,1642,2,17:00:00,2,21:00:00,t,n
1794,1642,3,12:00:00,3,14:30:00,t,n
1795,1642,3,17:00:00,3,21:00:00,t,n
1796,1642,4,11:30:00,4,14:30:00,t,n
1797,1642,4,17:00:00,4,21:00:00,t,n
1798,1642,5,12:00:00,5,14:30:00,t,n
1799,1642,5,17:00:00,5,21:30:00,t,n
1800,1642,6,12:00:00,6,14:30:00,t,n
1801,1642,6,17:00:00,6,21:30:00,t,n
1802,1642,7,17:00:00,7,20:30:00,t,n
1803,1642,2,17:00:00,2,21:00:00,d,n
1804,1642,3,12:00:00,3,14:30:00,d,n
1805,1642,3,17:00:00,3,21:00:00,d,n
1806,1642,4,11:30:00,4,14:30:00,d,n
1807,1642,4,17:00:00,4,21:00:00,d,n
1808,1642,5,12:00:00,5,14:30:00,d,n
1809,1642,5,17:00:00,5,21:30:00,d,n
1810,1642,6,12:00:00,6,14:30:00,d,n
1811,1642,6,17:00:00,6,21:30:00,d,n
1812,1642,7,17:00:00,7,20:30:00,d,n
1813,1642,2,17:00:00,2,21:00:00,t,n
1814,1642,3,12:00:00,3,14:30:00,t,n
1815,1642,4,11:30:00,4,14:30:00,t,n
1816,1642,4,17:00:00,4,21:00:00,t,n
1817,1642,5,12:00:00,5,14:30:00,t,n
1818,1642,5,17:00:00,5,21:30:00,t,n
1819,1642,6,12:00:00,6,14:30:00,t,n
1820,1642,6,17:00:00,6,21:30:00,t,n
1821,1642,7,17:00:00,7,20:30:00,t,n
1822,1642,2,17:00:00,2,21:00:00,d,n
1823,1642,3,12:00:00,3,14:30:00,d,n
1824,1642,4,11:30:00,4,14:30:00,d,n
1825,1642,4,17:00:00,4,21:00:00,d,n
1826,1642,5,12:00:00,5,14:30:00,d,n
1827,1642,5,17:00:00,5,21:30:00,d,n
1828,1642,6,12:00:00,6,14:30:00,d,n
1829,1642,6,17:00:00,6,21:30:00,d,n
1830,1642,7,17:00:00,7,20:30:00,d,n
1831,1642,2,17:00:00,2,21:00:00,t,n
1832,1642,3,12:00:00,3,14:30:00,t,n
1833,1642,3,17:00:00,3,21:00:00,t,n
1834,1642,4,11:30:00,4,14:30:00,t,n
1835,1642,4,17:00:00,4,21:00:00,t,n
1836,1642,5,12:00:00,5,14:30:00,t,n
1837,1642,5,17:00:00,5,21:30:00,t,n
1838,1642,6,12:00:00,6,14:30:00,t,n
1839,1642,6,17:00:00,6,21:30:00,t,n
1840,1642,7,17:00:00,7,20:30:00,t,n
1841,1642,2,17:00:00,2,21:00:00,t,n
1842,1642,3,12:00:00,3,14:30:00,t,n
1843,1642,4,11:30:00,4,14:30:00,t,n
1844,1642,4,17:00:00,4,21:00:00,t,n
1845,1642,5,12:00:00,5,14:30:00,t,n
1846,1642,5,17:00:00,5,21:30:00,t,n
1847,1642,6,12:00:00,6,14:30:00,t,n
1848,1642,6,17:00:00,6,21:30:00,t,n
1849,1642,7,17:00:00,7,20:30:00,t,n
1850,1642,2,17:00:00,2,21:00:00,d,n
1851,1642,3,12:00:00,3,14:30:00,d,n
1852,1642,3,17:00:00,3,21:00:00,d,n
1853,1642,4,11:30:00,4,14:30:00,d,n
1854,1642,4,17:00:00,4,21:00:00,d,n
1855,1642,5,12:00:00,5,14:30:00,d,n
1856,1642,5,17:00:00,5,21:30:00,d,n
1857,1642,6,12:00:00,6,14:30:00,d,n
1858,1642,6,17:00:00,6,21:30:00,d,n
1859,1642,7,17:00:00,7,20:30:00,d,n
1860,1642,2,17:00:00,2,21:00:00,t,n
1861,1642,3,12:00:00,3,14:30:00,t,n
1862,1642,3,17:00:00,3,21:00:00,t,n
1863,1642,4,11:30:00,4,14:30:00,t,n
1864,1642,4,17:00:00,4,21:00:00,t,n
1865,1642,5,12:00:00,5,14:30:00,t,n
1866,1642,5,17:00:00,5,21:30:00,t,n
1867,1642,6,12:00:00,6,14:30:00,t,n
1868,1642,6,17:00:00,6,21:30:00,t,n
1869,1642,7,17:00:00,7,20:30:00,t,n
1870,1642,2,16:30:00,2,21:00:00,t,n
1871,1642,3,16:30:00,3,21:00:00,t,n
1872,1642,4,16:30:00,4,21:00:00,t,n
1873,1642,5,16:30:00,5,21:00:00,t,n
1874,1642,6,16:30:00,6,21:00:00,t,n
1875,1642,7,16:30:00,7,21:00:00,t,n
1876,1642,2,16:30:00,2,21:00:00,d,n
1877,1642,3,16:30:00,3,21:00:00,d,n
1878,1642,4,16:30:00,4,21:00:00,d,n
1879,1642,5,16:30:00,5,21:00:00,d,n
1880,1642,6,16:30:00,6,21:00:00,d,n
1881,1642,7,16:30:00,7,21:00:00,d,n
1882,1640,2,11:00:00,2,21:00:00,t,y
1883,1640,3,11:00:00,3,21:00:00,t,y
1884,1640,4,11:00:00,4,21:00:00,t,y
1885,1640,5,11:00:00,5,21:00:00,t,y
1886,1640,6,11:00:00,6,21:00:00,t,y
1887,1640,7,16:00:00,7,21:00:00,t,y
1888,1640,2,11:00:00,2,21:00:00,d,y
1889,1640,3,11:00:00,3,21:00:00,d,y
1890,1640,4,11:00:00,4,21:00:00,d,y
1891,1640,5,11:00:00,5,21:00:00,d,y
1892,1640,6,11:00:00,6,21:00:00,d,y
1893,1640,7,16:00:00,7,21:00:00,d,y
1894,1667,1,12:00:00,2,00:00:00,t,y
1895,1667,2,12:00:00,3,00:00:00,t,y
1896,1667,3,12:00:00,4,00:00:00,t,y
1897,1667,4,12:00:00,5,01:00:00,t,y
1898,1667,5,12:00:00,6,02:30:00,t,y
1899,1667,6,12:00:00,7,02:30:00,t,y
1900,1667,1,12:00:00,2,00:00:00,d,y
1901,1667,2,12:00:00,3,00:00:00,d,y
1902,1667,3,12:00:00,4,00:00:00,d,y
1903,1667,4,12:00:00,5,01:00:00,d,y
1904,1667,5,12:00:00,6,02:30:00,d,y
1905,1667,6,12:00:00,7,02:30:00,d,y
1906,1668,1,11:00:00,1,20:00:00,t,n
1907,1668,2,11:00:00,2,20:00:00,t,n
1908,1668,3,11:00:00,3,20:00:00,t,n
1909,1668,4,11:00:00,4,20:00:00,t,n
1910,1668,5,11:00:00,5,20:00:00,t,n
1911,1668,6,11:00:00,6,20:00:00,t,n
1912,1668,1,11:00:00,1,20:00:00,d,n
1913,1668,2,11:00:00,2,20:00:00,d,n
1914,1668,3,11:00:00,3,20:00:00,d,n
1915,1668,4,11:00:00,4,20:00:00,d,n
1916,1668,5,11:00:00,5,20:00:00,d,n
1917,1668,6,11:00:00,6,20:00:00,d,n
1918,1642,4,16:30:00,4,21:00:00,t,n
1919,1642,5,16:30:00,5,21:00:00,t,n
1920,1642,6,16:30:00,6,21:00:00,t,n
1921,1642,7,16:30:00,7,21:00:00,t,n
1922,1642,4,16:30:00,4,21:00:00,d,n
1923,1642,5,16:30:00,5,21:00:00,d,n
1924,1642,6,16:30:00,6,21:00:00,d,n
1925,1642,7,16:30:00,7,21:00:00,d,n
1926,1642,4,16:30:00,4,21:00:00,t,n
1927,1642,5,16:30:00,5,21:00:00,t,n
1928,1642,6,16:30:00,6,21:00:00,t,n
1929,1642,7,16:30:00,7,21:00:00,t,n
1930,1285,2,11:00:00,2,15:00:00,t,y
1931,1285,3,11:00:00,3,21:00:00,t,y
1932,1285,4,11:00:00,4,21:00:00,t,y
1933,1285,5,11:00:00,5,21:00:00,t,y
1934,1285,6,11:00:00,6,21:00:00,t,y
1935,1285,2,11:00:00,2,15:00:00,d,y
1936,1285,3,11:00:00,3,21:00:00,d,y
1937,1285,4,11:00:00,4,21:00:00,d,y
1938,1285,5,11:00:00,5,21:00:00,d,y
1939,1285,6,11:00:00,6,21:00:00,d,y
1940,1595,1,11:00:00,1,23:00:00,t,n
1941,1595,2,07:00:00,2,22:00:00,t,n
1942,1595,3,09:00:00,3,23:00:00,t,n
1943,1595,4,01:00:00,4,23:00:00,t,n
1944,1595,5,01:00:00,5,23:00:00,t,n
1945,1595,6,11:00:00,6,23:00:00,t,n
1946,1595,7,11:00:00,7,23:00:00,t,n
1947,1666,1,15:00:00,1,21:00:00,t,n
1948,1666,2,11:00:00,2,21:00:00,t,n
1949,1666,3,11:00:00,3,21:00:00,t,n
1950,1666,4,01:11:00,4,21:00:00,t,n
1951,1666,5,11:00:00,5,21:00:00,t,n
1952,1666,6,14:00:00,6,21:00:00,t,n
1953,1666,1,11:00:00,1,21:00:00,t,n
1954,1666,2,11:00:00,2,21:00:00,t,n
1955,1666,3,11:00:00,3,21:00:00,t,n
1956,1666,4,01:11:00,4,21:00:00,t,n
1957,1666,5,11:00:00,5,21:00:00,t,n
1958,1666,6,14:00:00,6,21:00:00,t,n
1959,1669,1,15:00:00,1,22:00:00,t,n
1960,1669,2,15:00:00,2,22:00:00,t,n
1961,1669,3,15:00:00,3,22:00:00,t,n
1962,1669,4,15:00:00,4,22:00:00,t,n
1963,1669,5,15:00:00,5,22:00:00,t,n
1964,1669,6,15:00:00,6,22:00:00,t,n
1965,1669,7,15:00:00,7,22:00:00,t,n
1966,1669,1,15:00:00,1,22:00:00,d,n
1967,1669,2,15:00:00,2,22:00:00,d,n
1968,1669,3,15:00:00,3,22:00:00,d,n
1969,1669,4,15:00:00,4,22:00:00,d,n
1970,1669,5,15:00:00,5,22:00:00,d,n
1971,1669,6,15:00:00,6,22:00:00,d,n
1972,1669,7,15:00:00,7,22:00:00,d,n
1973,1669,1,09:00:00,1,22:00:00,t,n
1974,1669,2,09:00:00,2,22:00:00,t,n
1975,1669,3,09:00:00,3,22:00:00,t,n
1976,1669,4,09:00:00,4,22:00:00,t,n
1977,1669,5,09:00:00,5,22:00:00,t,n
1978,1669,6,09:00:00,6,22:00:00,t,n
1979,1669,7,09:00:00,7,22:00:00,t,n
1980,1668,1,11:00:00,1,21:00:00,t,y
1981,1668,2,11:00:00,2,21:00:00,t,y
1982,1668,3,11:00:00,3,21:00:00,t,y
1983,1668,4,11:00:00,4,21:00:00,t,y
1984,1668,5,11:00:00,5,21:00:00,t,y
1985,1668,6,11:00:00,6,21:00:00,t,y
1986,1668,1,11:00:00,1,21:00:00,d,y
1987,1668,2,11:00:00,2,21:00:00,d,y
1988,1668,3,11:00:00,3,21:00:00,d,y
1989,1668,4,11:00:00,4,21:00:00,d,y
1990,1668,5,11:00:00,5,21:00:00,d,y
1991,1668,6,11:00:00,6,21:00:00,d,y
1992,1669,1,15:00:00,1,22:00:00,t,n
1993,1669,2,15:00:00,2,22:00:00,t,n
1994,1669,3,15:00:00,3,22:00:00,t,n
1995,1669,4,15:00:00,4,22:00:00,t,n
1996,1669,5,15:00:00,5,22:00:00,t,n
1997,1669,6,15:00:00,6,22:00:00,t,n
1998,1669,7,15:00:00,7,22:00:00,t,n
1999,1669,1,15:00:00,1,22:00:00,d,y
2000,1669,2,15:00:00,2,22:00:00,d,y
2001,1669,3,15:00:00,3,22:00:00,d,y
2002,1669,4,15:00:00,4,22:00:00,d,y
2003,1669,5,15:00:00,5,22:00:00,d,y
2004,1669,6,15:00:00,6,22:00:00,d,y
2005,1669,7,15:00:00,7,22:00:00,d,y
2006,1669,1,10:00:00,1,22:00:00,t,n
2007,1669,2,15:00:00,2,22:00:00,t,n
2008,1669,3,15:00:00,3,22:00:00,t,n
2009,1669,4,15:00:00,4,22:00:00,t,n
2010,1669,5,15:00:00,5,22:00:00,t,n
2011,1669,6,15:00:00,6,22:00:00,t,n
2012,1669,7,15:00:00,7,22:00:00,t,n
2013,1669,1,10:00:00,1,22:00:00,t,n
2014,1669,2,15:00:00,2,22:00:00,t,n
2015,1669,3,15:00:00,3,22:00:00,t,n
2016,1669,4,15:00:00,4,22:00:00,t,n
2017,1669,5,15:00:00,5,22:00:00,t,n
2018,1669,6,15:00:00,6,22:00:00,t,n
2019,1669,7,15:00:00,7,22:00:00,t,n
2020,1669,1,15:00:00,1,22:00:00,t,n
2021,1669,2,15:00:00,2,22:00:00,t,n
2022,1669,3,15:00:00,3,22:00:00,t,n
2023,1669,4,15:00:00,4,22:00:00,t,n
2024,1669,5,15:00:00,5,22:00:00,t,n
2025,1669,6,15:00:00,6,22:00:00,t,n
2026,1669,7,15:00:00,7,22:00:00,t,n
2027,1671,1,11:00:00,2,00:00:00,t,n
2028,1671,2,11:00:00,3,00:00:00,t,n
2029,1671,3,11:00:00,4,00:00:00,t,n
2030,1671,4,11:00:00,5,00:00:00,t,n
2031,1671,5,11:00:00,6,00:00:00,t,n
2032,1671,6,11:00:00,7,00:00:00,t,n
2033,1671,7,11:00:00,1,00:00:00,t,n
2034,1671,1,11:00:00,2,00:00:00,d,n
2035,1671,2,11:00:00,3,00:00:00,d,n
2036,1671,3,11:00:00,4,00:00:00,d,n
2037,1671,4,11:00:00,5,00:00:00,d,n
2038,1671,5,11:00:00,6,00:00:00,d,n
2039,1671,6,11:00:00,7,00:00:00,d,n
2040,1671,7,11:00:00,1,00:00:00,d,n
2041,1670,1,10:00:00,1,22:00:00,t,n
2042,1670,2,10:00:00,2,22:00:00,t,n
2043,1670,3,10:00:00,3,22:00:00,t,n
2044,1670,4,10:00:00,4,22:00:00,t,n
2045,1670,5,10:00:00,6,00:00:00,t,n
2046,1670,6,10:00:00,7,00:00:00,t,n
2047,1670,7,15:00:00,7,22:00:00,t,n
2048,1670,1,10:00:00,1,22:00:00,d,y
2049,1670,2,10:00:00,2,22:00:00,d,y
2050,1670,3,10:00:00,3,22:00:00,d,y
2051,1670,4,10:00:00,4,22:00:00,d,y
2052,1670,5,10:00:00,6,00:00:00,d,y
2053,1670,6,10:00:00,7,00:00:00,d,y
2054,1670,7,15:00:00,7,22:00:00,d,y
2055,1671,1,11:00:00,2,00:00:00,t,y
2056,1671,2,11:00:00,3,00:00:00,t,y
2057,1671,3,11:00:00,4,00:00:00,t,y
2058,1671,4,11:00:00,5,00:00:00,t,y
2059,1671,5,11:00:00,6,02:00:00,t,y
2060,1671,6,11:00:00,7,02:00:00,t,y
2061,1671,7,11:00:00,1,00:00:00,t,y
2062,1671,1,11:00:00,2,00:00:00,d,y
2063,1671,2,11:00:00,3,00:00:00,d,y
2064,1671,3,11:00:00,4,00:00:00,d,y
2065,1671,4,11:00:00,5,00:00:00,d,y
2066,1671,5,11:00:00,6,02:00:00,d,y
2067,1671,6,11:00:00,7,02:00:00,d,y
2068,1671,7,11:00:00,1,00:00:00,d,y
2069,1669,1,23:00:00,2,22:00:00,t,n
2070,1669,2,15:00:00,2,22:00:00,t,n
2071,1669,3,15:00:00,3,22:00:00,t,n
2072,1669,4,15:00:00,4,22:00:00,t,n
2073,1669,5,15:00:00,5,22:00:00,t,n
2074,1669,6,15:00:00,6,22:00:00,t,n
2075,1669,7,15:00:00,7,22:00:00,t,n
2076,1669,1,11:00:00,1,22:00:00,t,n
2077,1669,2,15:00:00,2,22:00:00,t,n
2078,1669,3,15:00:00,3,22:00:00,t,n
2079,1669,4,15:00:00,4,22:00:00,t,n
2080,1669,5,15:00:00,5,22:00:00,t,n
2081,1669,6,15:00:00,6,22:00:00,t,n
2082,1669,7,15:00:00,7,22:00:00,t,n
2083,1669,1,15:00:00,1,22:00:00,t,y
2084,1669,2,15:00:00,2,22:00:00,t,y
2085,1669,3,15:00:00,3,22:00:00,t,y
2086,1669,4,15:00:00,4,22:00:00,t,y
2087,1669,5,15:00:00,5,22:00:00,t,y
2088,1669,6,15:00:00,6,22:00:00,t,y
2089,1669,7,15:00:00,7,22:00:00,t,y
2090,1673,1,15:00:00,1,21:00:00,t,n
2091,1673,2,15:00:00,2,21:00:00,t,n
2092,1673,3,15:00:00,3,21:00:00,t,n
2093,1673,4,15:00:00,4,23:00:00,t,n
2094,1673,5,15:00:00,5,23:00:00,t,n
2095,1673,6,15:00:00,6,23:00:00,t,n
2096,1673,7,15:00:00,7,21:00:00,t,n
2097,1673,1,15:00:00,1,21:00:00,d,n
2098,1673,2,15:00:00,2,21:00:00,d,n
2099,1673,3,15:00:00,3,21:00:00,d,n
2100,1673,4,15:00:00,4,23:00:00,d,n
2101,1673,5,15:00:00,5,23:00:00,d,n
2102,1673,6,15:00:00,6,23:00:00,d,n
2103,1673,7,15:00:00,7,21:00:00,d,n
2104,1673,1,11:00:00,1,21:00:00,t,n
2105,1673,2,15:00:00,2,21:00:00,t,n
2106,1673,3,15:00:00,3,21:00:00,t,n
2107,1673,4,15:00:00,4,23:00:00,t,n
2108,1673,5,15:00:00,5,23:00:00,t,n
2109,1673,6,15:00:00,6,23:00:00,t,n
2110,1673,7,15:00:00,7,21:00:00,t,n
2111,1673,1,15:00:00,1,21:00:00,t,y
2112,1673,2,15:00:00,2,21:00:00,t,y
2113,1673,3,15:00:00,3,21:00:00,t,y
2114,1673,4,15:00:00,4,23:00:00,t,y
2115,1673,5,15:00:00,5,23:00:00,t,y
2116,1673,6,15:00:00,6,23:00:00,t,y
2117,1673,7,15:00:00,7,21:00:00,t,y
2118,1673,1,16:00:00,1,21:00:00,d,y
2119,1673,2,16:00:00,2,21:00:00,d,y
2120,1673,3,16:00:00,3,21:00:00,d,y
2121,1673,4,16:00:00,4,23:00:00,d,y
2122,1673,5,16:00:00,5,23:00:00,d,y
2123,1673,6,16:00:00,6,23:00:00,d,y
2124,1673,7,16:00:00,7,21:00:00,d,y
2125,1642,2,16:00:00,2,21:00:00,t,y
2126,1642,3,16:00:00,3,21:00:00,t,y
2127,1642,4,16:00:00,4,21:00:00,t,y
2128,1642,5,16:00:00,5,21:00:00,t,y
2129,1642,6,16:00:00,6,21:00:00,t,y
2130,1642,7,16:00:00,7,21:00:00,t,y
2131,1642,2,16:00:00,2,21:00:00,d,y
2132,1642,3,16:00:00,3,21:00:00,d,y
2133,1642,4,16:00:00,4,21:00:00,d,y
2134,1642,5,16:00:00,5,21:00:00,d,y
2135,1642,6,16:00:00,6,21:00:00,d,y
2136,1642,7,16:00:00,7,21:00:00,d,y
2137,1639,1,11:00:00,1,21:00:00,t,y
2138,1639,2,11:00:00,2,21:00:00,t,y
2139,1639,3,11:00:00,3,21:00:00,t,y
2140,1639,4,11:00:00,4,22:00:00,t,y
2141,1639,5,11:00:00,5,23:00:00,t,y
2142,1639,6,11:00:00,6,23:00:00,t,y
2143,1639,7,15:00:00,7,21:00:00,t,y
2144,1639,1,11:00:00,1,21:00:00,d,y
2145,1639,2,11:00:00,2,21:00:00,d,y
2146,1639,3,11:00:00,3,21:00:00,d,y
2147,1639,4,11:00:00,4,22:00:00,d,y
2148,1639,5,11:00:00,5,23:00:00,d,y
2149,1639,6,11:00:00,6,23:00:00,d,y
2150,1639,7,15:00:00,7,21:00:00,d,y
2151,1666,1,15:00:00,1,21:00:00,t,y
2152,1666,2,15:00:00,2,21:00:00,t,y
2153,1666,3,15:00:00,3,21:00:00,t,y
2154,1666,4,15:00:00,4,23:00:00,t,y
2155,1666,5,15:00:00,5,23:00:00,t,y
2156,1666,6,15:00:00,6,23:00:00,t,y
2157,1637,1,11:00:00,2,00:00:00,t,n
2158,1637,2,11:00:00,3,00:00:00,t,n
2159,1637,3,11:00:00,4,00:00:00,t,n
2160,1637,4,11:00:00,5,00:00:00,t,n
2161,1637,5,11:00:00,6,00:00:00,t,n
2162,1637,6,11:00:00,7,00:00:00,t,n
2163,1637,7,11:00:00,7,23:00:00,t,n
2164,1637,1,11:00:00,2,00:00:00,d,n
2165,1637,2,11:00:00,3,00:00:00,d,n
2166,1637,3,11:00:00,4,00:00:00,d,n
2167,1637,4,11:00:00,5,00:00:00,d,n
2168,1637,5,11:00:00,6,00:00:00,d,n
2169,1637,6,11:00:00,7,00:00:00,d,n
2170,1637,7,11:00:00,7,23:00:00,d,n
2171,1674,1,11:00:00,2,03:00:00,t,n
2172,1674,2,11:00:00,3,03:00:00,t,n
2173,1674,3,11:00:00,4,03:00:00,t,n
2174,1674,4,11:00:00,5,03:00:00,t,n
2175,1674,5,11:00:00,6,03:00:00,t,n
2176,1674,6,11:00:00,7,03:00:00,t,n
2177,1674,7,11:00:00,1,03:00:00,t,n
2178,1674,1,11:00:00,2,03:00:00,d,n
2179,1674,2,11:00:00,3,03:00:00,d,n
2180,1674,3,11:00:00,4,03:00:00,d,n
2181,1674,4,11:00:00,5,03:00:00,d,n
2182,1674,5,11:00:00,6,03:00:00,d,n
2183,1674,6,11:00:00,7,03:00:00,d,n
2184,1674,7,11:00:00,1,03:00:00,d,n
2185,1674,2,11:00:00,3,03:00:00,t,n
2186,1674,3,11:00:00,4,03:00:00,t,n
2187,1674,4,11:00:00,5,03:00:00,t,n
2188,1674,5,11:00:00,6,03:00:00,t,n
2189,1674,6,11:00:00,7,03:00:00,t,n
2190,1674,7,11:00:00,1,03:00:00,t,n
2191,1674,2,11:00:00,3,03:00:00,d,n
2192,1674,3,11:00:00,4,03:00:00,d,n
2193,1674,4,11:00:00,5,03:00:00,d,n
2194,1674,5,11:00:00,6,03:00:00,d,n
2195,1674,6,11:00:00,7,03:00:00,d,n
2196,1674,7,11:00:00,1,03:00:00,d,n
2197,1674,1,11:00:00,2,03:00:00,t,y
2198,1674,2,11:00:00,3,03:00:00,t,y
2199,1674,3,11:00:00,4,03:00:00,t,y
2200,1674,4,11:00:00,5,03:00:00,t,y
2201,1674,5,11:00:00,6,03:00:00,t,y
2202,1674,6,11:00:00,7,03:00:00,t,y
2203,1674,7,11:00:00,1,03:00:00,t,y
2204,1675,1,13:00:00,1,21:00:00,t,y
2205,1675,2,13:00:00,2,22:00:00,t,y
2206,1675,3,13:00:00,3,22:00:00,t,y
2207,1675,4,13:00:00,4,22:00:00,t,y
2208,1675,5,13:00:00,5,22:00:00,t,y
2209,1675,6,13:00:00,6,22:00:00,t,y
2210,1675,7,13:00:00,7,21:00:00,t,y
2211,1675,1,13:00:00,1,21:00:00,d,y
2212,1675,2,13:00:00,2,22:00:00,d,y
2213,1675,3,13:00:00,3,22:00:00,d,y
2214,1675,4,13:00:00,4,22:00:00,d,y
2215,1675,5,13:00:00,5,22:00:00,d,y
2216,1675,6,13:00:00,6,22:00:00,d,y
2217,1675,7,13:00:00,7,21:00:00,d,y
2218,1670,1,10:00:00,1,22:00:00,t,n
2219,1670,2,07:00:00,2,22:00:00,t,n
2220,1670,3,10:00:00,3,22:00:00,t,n
2221,1670,4,10:00:00,4,22:00:00,t,n
2222,1670,5,10:00:00,6,00:00:00,t,n
2223,1670,6,10:00:00,7,00:00:00,t,n
2224,1670,7,15:00:00,7,22:00:00,t,n
2225,1670,1,10:00:00,1,22:00:00,t,y
2226,1670,2,10:00:00,2,22:00:00,t,y
2227,1670,3,10:00:00,3,22:00:00,t,y
2228,1670,4,10:00:00,4,22:00:00,t,y
2229,1670,5,10:00:00,6,00:00:00,t,y
2230,1670,6,10:00:00,7,00:00:00,t,y
2231,1670,7,15:00:00,7,22:00:00,t,y
2232,1595,1,11:00:00,1,23:00:00,t,y
2233,1595,2,06:00:00,2,22:00:00,t,y
2234,1595,3,09:00:00,3,23:00:00,t,y
2235,1595,4,01:00:00,4,23:00:00,t,y
2236,1595,5,01:00:00,5,23:00:00,t,y
2237,1595,6,11:00:00,6,23:00:00,t,y
2238,1595,7,11:00:00,7,23:00:00,t,y
2239,1641,2,11:30:00,2,14:00:00,t,n
2240,1641,2,16:00:00,2,20:30:00,t,n
2241,1641,3,11:30:00,3,14:00:00,t,n
2242,1641,3,16:00:00,3,20:30:00,t,n
2243,1641,4,11:30:00,4,14:00:00,t,n
2244,1641,4,16:00:00,4,20:30:00,t,n
2245,1641,5,11:30:00,5,14:00:00,t,n
2246,1641,5,16:00:00,5,20:30:00,t,n
2247,1641,6,16:00:00,6,20:30:00,t,n
2248,1641,2,11:30:00,2,14:00:00,d,n
2249,1641,2,16:00:00,2,20:30:00,d,n
2250,1641,3,11:30:00,3,14:00:00,d,n
2251,1641,3,16:00:00,3,20:30:00,d,n
2252,1641,4,11:30:00,4,14:00:00,d,n
2253,1641,4,16:00:00,4,20:30:00,d,n
2254,1641,5,11:30:00,5,14:00:00,d,n
2255,1641,5,16:00:00,5,20:30:00,d,n
2256,1641,6,16:00:00,6,20:30:00,d,n
2257,1641,1,11:30:00,1,14:00:00,t,n
2258,1641,2,11:30:00,2,14:00:00,t,n
2259,1641,2,16:00:00,2,20:30:00,t,n
2260,1641,3,11:30:00,3,14:00:00,t,n
2261,1641,3,16:00:00,3,20:30:00,t,n
2262,1641,4,11:30:00,4,14:00:00,t,n
2263,1641,4,16:00:00,4,20:30:00,t,n
2264,1641,5,11:30:00,5,14:00:00,t,n
2265,1641,5,16:00:00,5,20:30:00,t,n
2266,1641,6,16:00:00,6,20:30:00,t,n
2267,1641,2,11:30:00,2,14:00:00,t,n
2268,1641,2,16:00:00,2,20:30:00,t,n
2269,1641,3,11:30:00,3,14:00:00,t,n
2270,1641,3,16:00:00,3,20:30:00,t,n
2271,1641,4,11:30:00,4,14:00:00,t,n
2272,1641,4,16:00:00,4,20:30:00,t,n
2273,1641,5,11:30:00,5,14:00:00,t,n
2274,1641,5,16:00:00,5,20:30:00,t,n
2275,1641,6,16:00:00,6,20:30:00,t,n
2276,1641,2,11:30:00,2,14:00:00,t,n
2277,1641,2,16:00:00,2,20:30:00,t,n
2278,1641,3,11:30:00,3,14:00:00,t,n
2279,1641,3,16:00:00,3,20:30:00,t,n
2280,1641,4,11:30:00,4,14:00:00,t,n
2281,1641,4,16:00:00,4,20:30:00,t,n
2282,1641,5,11:30:00,5,14:00:00,t,n
2283,1641,5,16:00:00,5,20:30:00,t,n
2284,1641,6,16:00:00,6,20:30:00,t,n
2285,1641,2,11:30:00,2,14:00:00,d,n
2286,1641,2,16:00:00,2,20:00:00,d,n
2287,1641,3,11:30:00,3,14:00:00,d,n
2288,1641,3,16:00:00,3,20:00:00,d,n
2289,1641,4,11:30:00,4,14:00:00,d,n
2290,1641,4,16:00:00,4,20:00:00,d,n
2291,1641,5,11:30:00,5,14:00:00,d,n
2292,1641,5,16:00:00,5,20:00:00,d,n
2293,1641,6,16:00:00,6,20:00:00,d,n
2294,1641,2,11:30:00,2,14:00:00,t,n
2295,1641,2,16:00:00,2,20:00:00,t,n
2296,1641,3,11:30:00,3,14:00:00,t,n
2297,1641,3,16:00:00,3,20:00:00,t,n
2298,1641,4,11:30:00,4,14:00:00,t,n
2299,1641,4,16:00:00,4,20:00:00,t,n
2300,1641,5,11:30:00,5,14:00:00,t,n
2301,1641,5,16:00:00,5,20:00:00,t,n
2302,1641,6,16:00:00,6,20:00:00,t,n
2303,1674,2,11:00:00,2,22:45:00,d,n
2304,1674,3,11:00:00,3,22:45:00,d,n
2305,1674,4,11:00:00,4,22:45:00,d,n
2306,1674,5,11:00:00,5,22:45:00,d,n
2307,1674,6,11:00:00,6,22:45:00,d,n
2308,1674,7,11:00:00,7,22:45:00,d,n
2309,1674,1,11:00:00,1,22:45:00,d,y
2310,1674,2,11:00:00,2,22:45:00,d,y
2311,1674,3,11:00:00,3,22:45:00,d,y
2312,1674,4,11:00:00,4,22:45:00,d,y
2313,1674,5,11:00:00,5,22:45:00,d,y
2314,1674,6,11:00:00,6,22:45:00,d,y
2315,1674,7,11:00:00,7,22:45:00,d,y
2316,1637,1,11:00:00,2,00:00:00,t,n
2317,1637,2,11:00:00,3,00:00:00,t,n
2318,1637,3,11:00:00,4,00:00:00,t,n
2319,1637,4,11:00:00,5,00:00:00,t,n
2320,1637,5,11:00:00,6,01:00:00,t,n
2321,1637,6,11:00:00,7,01:00:00,t,n
2322,1637,7,11:00:00,7,23:00:00,t,n
2323,1637,1,11:00:00,2,00:00:00,d,y
2324,1637,2,11:00:00,3,00:00:00,d,y
2325,1637,3,11:00:00,4,00:00:00,d,y
2326,1637,4,11:00:00,5,00:00:00,d,y
2327,1637,5,11:00:00,6,01:00:00,d,y
2328,1637,6,11:00:00,7,01:00:00,d,y
2329,1637,7,11:00:00,7,23:00:00,d,y
2330,1637,1,11:00:00,2,00:00:00,t,y
2331,1637,2,11:00:00,3,00:00:00,t,y
2332,1637,3,11:00:00,4,00:00:00,t,y
2333,1637,4,11:00:00,5,00:00:00,t,y
2334,1637,5,11:00:00,6,01:00:00,t,y
2335,1637,6,11:00:00,7,01:00:00,t,y
2336,1637,7,11:00:00,7,23:00:00,t,y
2337,1677,1,11:00:00,2,02:00:00,t,n
2338,1677,2,11:00:00,3,02:00:00,t,n
2339,1677,3,11:00:00,4,02:00:00,t,n
2340,1677,4,11:00:00,5,02:00:00,t,n
2341,1677,5,11:00:00,6,02:00:00,t,n
2342,1677,6,11:00:00,7,02:00:00,t,n
2343,1677,7,11:00:00,1,02:00:00,t,n
2344,1677,1,11:00:00,2,02:00:00,d,n
2345,1677,2,11:00:00,3,02:00:00,d,n
2346,1677,3,11:00:00,4,02:00:00,d,n
2347,1677,4,11:00:00,5,02:00:00,d,n
2348,1677,5,11:00:00,6,02:00:00,d,n
2349,1677,6,11:00:00,7,02:00:00,d,n
2350,1677,7,11:00:00,1,02:00:00,d,n
2351,1677,1,11:00:00,1,21:00:00,t,n
2352,1677,2,11:00:00,2,21:00:00,t,n
2353,1677,3,11:00:00,3,21:00:00,t,n
2354,1677,4,11:00:00,4,21:00:00,t,n
2355,1677,5,11:00:00,5,21:00:00,t,n
2356,1677,6,11:00:00,6,21:00:00,t,n
2357,1677,7,16:00:00,7,20:00:00,t,n
2358,1677,1,11:00:00,1,21:00:00,d,n
2359,1677,2,11:00:00,2,21:00:00,d,n
2360,1677,3,11:00:00,3,21:00:00,d,n
2361,1677,4,11:00:00,4,21:00:00,d,n
2362,1677,5,11:00:00,5,21:00:00,d,n
2363,1677,6,11:00:00,6,21:00:00,d,n
2364,1677,7,16:00:00,7,20:00:00,d,n
2365,1641,2,11:30:00,2,14:00:00,t,n
2366,1641,2,16:00:00,2,20:00:00,t,n
2367,1641,3,11:30:00,3,14:00:00,t,n
2368,1641,3,16:00:00,3,20:00:00,t,n
2369,1641,4,11:30:00,4,14:00:00,t,n
2370,1641,4,16:00:00,4,20:00:00,t,n
2371,1641,5,11:30:00,5,14:00:00,t,n
2372,1641,5,16:00:00,5,20:00:00,t,n
2373,1641,6,16:00:00,6,20:00:00,t,n
2374,1641,2,11:30:00,2,14:00:00,d,n
2375,1641,2,16:00:00,2,20:00:00,d,n
2376,1641,3,11:30:00,3,14:00:00,d,n
2377,1641,3,16:00:00,3,20:00:00,d,n
2378,1641,4,11:30:00,4,14:00:00,d,n
2379,1641,4,16:00:00,4,20:00:00,d,n
2380,1641,5,11:30:00,5,14:00:00,d,n
2381,1641,5,16:00:00,5,20:00:00,d,n
2382,1641,6,16:00:00,6,20:00:00,d,n
2383,1641,2,11:30:00,2,14:00:00,t,n
2384,1641,2,16:00:00,2,20:30:00,t,n
2385,1641,3,11:30:00,3,14:00:00,t,n
2386,1641,3,16:00:00,3,20:30:00,t,n
2387,1641,4,11:30:00,4,14:00:00,t,n
2388,1641,4,16:00:00,4,20:30:00,t,n
2389,1641,5,11:30:00,5,14:00:00,t,n
2390,1641,5,16:00:00,5,20:30:00,t,n
2391,1641,6,16:00:00,6,20:00:00,t,n
2392,1641,2,11:30:00,2,14:00:00,d,n
2393,1641,2,16:00:00,2,20:30:00,d,n
2394,1641,3,11:30:00,3,14:00:00,d,n
2395,1641,3,16:00:00,3,20:30:00,d,n
2396,1641,4,11:30:00,4,14:00:00,d,n
2397,1641,4,16:00:00,4,20:30:00,d,n
2398,1641,5,11:30:00,5,14:00:00,d,n
2399,1641,5,16:00:00,5,20:30:00,d,n
2400,1641,6,16:00:00,6,20:00:00,d,n
2401,1641,2,16:00:00,2,20:30:00,d,n
2402,1641,3,16:00:00,3,20:30:00,d,n
2403,1641,4,16:00:00,4,20:30:00,d,n
2404,1641,5,16:00:00,5,20:30:00,d,n
2405,1641,6,16:00:00,6,20:00:00,d,n
2406,1641,2,11:30:00,2,14:00:00,t,n
2407,1641,2,16:00:00,2,20:15:00,t,n
2408,1641,3,11:30:00,3,14:00:00,t,n
2409,1641,3,16:00:00,3,20:15:00,t,n
2410,1641,4,11:30:00,4,14:00:00,t,n
2411,1641,4,16:00:00,4,20:15:00,t,n
2412,1641,5,11:30:00,5,14:00:00,t,n
2413,1641,5,16:00:00,5,20:15:00,t,n
2414,1641,6,16:00:00,6,20:15:00,t,n
2415,1641,2,16:00:00,2,20:50:00,d,n
2416,1641,3,16:00:00,3,20:50:00,d,n
2417,1641,4,16:00:00,4,20:05:00,d,n
2418,1641,5,16:00:00,5,20:50:00,d,n
2419,1641,6,16:00:00,6,20:50:00,d,n
2420,1641,2,16:00:00,2,20:50:00,d,n
2421,1641,3,16:00:00,3,20:50:00,d,n
2422,1641,4,16:00:00,4,20:50:00,d,n
2423,1641,5,16:00:00,5,20:50:00,d,n
2424,1641,6,16:00:00,6,20:50:00,d,n
2425,1641,2,16:00:00,2,21:00:00,d,y
2426,1641,3,16:00:00,3,21:00:00,d,y
2427,1641,4,16:00:00,4,21:00:00,d,y
2428,1641,5,16:00:00,5,21:00:00,d,y
2429,1641,6,16:00:00,6,21:00:00,d,y
2430,1641,2,11:30:00,2,14:00:00,t,y
2431,1641,2,16:00:00,2,20:00:00,t,y
2432,1641,3,11:30:00,3,14:00:00,t,y
2433,1641,3,16:00:00,3,20:00:00,t,y
2434,1641,4,11:30:00,4,14:00:00,t,y
2435,1641,4,16:00:00,4,20:00:00,t,y
2436,1641,5,11:30:00,5,14:00:00,t,y
2437,1641,5,16:00:00,5,20:00:00,t,y
2438,1641,6,16:00:00,6,20:00:00,t,y
2439,1678,1,11:00:00,1,23:00:00,t,n
2440,1678,2,11:00:00,2,23:00:00,t,n
2441,1678,3,11:00:00,3,23:00:00,t,n
2442,1678,4,11:00:00,4,23:00:00,t,n
2443,1678,5,11:00:00,5,23:00:00,t,n
2444,1678,6,11:00:00,6,23:00:00,t,n
2445,1678,7,11:00:00,7,23:00:00,t,n
2446,1678,1,11:00:00,1,23:00:00,d,n
2447,1678,2,11:00:00,2,23:00:00,d,n
2448,1678,3,11:00:00,3,23:00:00,d,n
2449,1678,4,11:00:00,4,23:00:00,d,n
2450,1678,5,11:00:00,5,23:00:00,d,n
2451,1678,6,11:00:00,6,23:00:00,d,n
2452,1678,7,11:00:00,7,23:00:00,d,n
2453,1678,1,11:30:00,1,20:00:00,t,y
2454,1678,2,11:30:00,2,20:00:00,t,y
2455,1678,3,11:30:00,3,20:00:00,t,y
2456,1678,4,11:30:00,4,20:00:00,t,y
2457,1678,5,11:30:00,5,20:00:00,t,y
2458,1678,6,11:30:00,6,20:00:00,t,y
2459,1678,7,11:30:00,7,20:00:00,t,y
2460,1678,1,11:30:00,1,20:00:00,d,y
2461,1678,2,11:30:00,2,20:00:00,d,y
2462,1678,3,11:30:00,3,20:00:00,d,y
2463,1678,4,11:30:00,4,20:00:00,d,y
2464,1678,5,11:30:00,5,20:00:00,d,y
2465,1678,6,11:30:00,6,20:00:00,d,y
2466,1678,7,11:30:00,7,20:00:00,d,y
2467,1677,1,11:00:00,1,21:00:00,d,n
2468,1677,2,11:00:00,2,21:00:00,d,n
2469,1677,3,11:00:00,3,21:00:00,d,n
2470,1677,4,11:00:00,5,02:00:00,d,n
2471,1677,5,11:00:00,6,02:00:00,d,n
2472,1677,6,11:00:00,7,02:00:00,d,n
2473,1677,7,16:00:00,7,20:00:00,d,n
2474,1677,1,11:00:00,1,21:00:00,d,y
2475,1677,2,11:00:00,2,21:00:00,d,y
2476,1677,3,11:00:00,3,21:00:00,d,y
2477,1677,4,11:00:00,5,02:00:00,d,y
2478,1677,5,11:00:00,6,02:00:00,d,y
2479,1677,6,11:00:00,7,02:00:00,d,y
2480,1677,7,16:00:00,7,20:00:00,d,y
2481,1677,1,11:00:00,1,21:00:00,t,y
2482,1677,2,11:00:00,2,21:00:00,t,y
2483,1677,3,11:00:00,3,21:00:00,t,y
2484,1677,4,11:00:00,5,02:00:00,t,y
2485,1677,5,11:00:00,6,02:00:00,t,y
2486,1677,6,11:00:00,7,02:00:00,t,y
2487,1677,7,16:00:00,7,20:00:00,t,y
2488,1663,1,11:00:00,1,21:00:00,t,y
2489,1663,2,11:00:00,2,21:00:00,t,y
2490,1663,3,11:00:00,3,21:00:00,t,y
2491,1663,4,11:00:00,4,21:30:00,t,y
2492,1663,5,11:00:00,5,21:30:00,t,y
2493,1663,6,11:00:00,6,21:30:00,t,y
2494,1663,7,15:00:00,7,21:00:00,t,y
2495,1663,1,11:00:00,1,21:00:00,d,y
2496,1663,2,11:00:00,2,21:00:00,d,y
2497,1663,3,11:00:00,3,21:00:00,d,y
2498,1663,4,11:00:00,4,21:30:00,d,y
2499,1663,5,11:00:00,5,21:30:00,d,y
2500,1663,6,11:00:00,6,21:30:00,d,y
2501,1663,7,15:00:00,7,21:00:00,d,y
