id,restaurant_id,area_number,area_name,delivery_fee,min_order_value,is_complex,coords
7,1593,1,Area title,0,,n,"45.350856,-75.779732|45.349265,-75.780827|45.349612,-75.783069|45.350585,-75.785129|45.351746,-75.781674"
6,1593,0,Area title,0.00,,n,"45.351256,-75.780087|45.349921,-75.780902|45.350208,-75.783734|45.351369,-75.783767"
9,1593,2,Area title,10 < 30,,y,"45.349129,-75.779035|45.349386,-75.779529|45.349996,-75.780172"
11,1028,0,Area title,0,,n,"45.351798,-75.779658|45.350751,-75.77822|45.349725,-75.779936|45.34905,-75.779834|45.349189,-75.781449|45.348944,-75.782356|45.349106,-75.783713|45.349152,-75.785784|45.34974,-75.785022|45.350381,-75.785483|45.350683,-75.786202|45.351338,-75.785891|45.351617,-75.783938|45.351787,-75.782876|45.351746,-75.781996"
539,1336,1,Area title,2,10.00,n,"45.323668,-75.880165|45.408574,-75.860252|45.435081,-75.71228|45.368549,-75.633316|45.279718,-75.604134|45.243228,-75.743866"
538,1336,0,Area title,1,5.00,n,"45.365896,-75.827637|45.328737,-75.842657|45.31884,-75.78352|45.346234,-75.718975|45.393628,-75.769787"
17,1025,0,Area title,0,,n,"45.562140969056,-75.642242431641|45.447607208669,-75.665588378906|45.370478735402,-75.570831298828|45.375302350526,-75.381317138672|45.465909744215,-75.346984863281|45.594822101271,-75.364837646484|45.613076802161,-75.511779785156"
18,1025,1,Area title,0,,n,"45.604430579019,-75.702667236328|45.51789504294,-75.764465332031|45.353110314463,-75.704040527344|45.316426138192,-75.517272949219|45.315460444226,-75.286560058594|45.435080998385,-75.217895507812|45.606352077118,-75.248107910156|45.705220255673,-75.434875488281|45.686036207403,-75.574951171875"
552,1026,0,Area title,0,0.00,n,"45.306165,-75.918489|45.311477,-75.910635|45.304354,-75.891366|45.293637,-75.898876|45.294936,-75.918617"
20,1027,0,Area title,0,,n,"45.4025480471,-75.7521057129|45.40881511,-75.7339096069|45.4143584706,-75.7136535645|45.4206242231,-75.7035255432|45.4264073775,-75.6918525696|45.4295396721,-75.6858444214|45.4246002054,-75.6800079346|45.4207447115,-75.6715965271|45.4183951408,-75.6634426117|45.4021864646,-75.6673049927|45.3909461204,-75.6764888763|45.3791910907,-75.7007360458|45.383019279,-75.7101345062|45.3748200075,-75.7285881042|45.3783771904,-75.7497024536|45.3947132409,-75.7551956177|45.3957378542,-75.75922966|45.4006195802,-75.7561397552"
21,1030,0,Area title,0,,n,"45.2775439566,-75.8353614807|45.2908296877,-75.8436012268|45.2998863568,-75.8508110046|45.3051989295,-75.8549308777|45.2995241178,-75.8683204651|45.3107524505,-75.8762168884|45.3263235525,-75.88514328|45.3379085723,-75.8916664124|45.3478022334,-75.9009361267|45.3527484157,-75.9114074707|45.3566085502,-75.9167289734|45.3626394834,-75.9247970581|45.3656547089,-75.9308052063|45.3961597484,-75.9800720215|45.393748882,-75.9872817993|45.3892885079,-75.9943199158|45.3854908849,-75.9985256195|45.348526092,-75.9517478943|45.3421316879,-75.9440231323|45.3402011599,-75.9419631958|45.3357365616,-75.949344635|45.3289786622,-75.9522628784|45.3230648387,-75.9510612488|45.3170296886,-75.9457397461|45.3148568771,-75.9429931641|45.3122011056,-75.9448814392|45.3117182247,-75.938873291|45.3088208527,-75.9294319153|45.3076135707,-75.9201622009|45.3061647983,-75.9174156189|45.3027841854,-75.9235954285|45.3006108279,-75.9309768677|45.3041123074,-75.9356117249|45.3006108279,-75.9407615662|45.2951770694,-75.941619873|45.2930034202,-75.9421348572|45.2886558719,-75.9495162964|45.2846703265,-75.9551811218|45.277906336,-75.9558677673|45.274282438,-75.9515762329|45.2699334548,-75.9527778625|45.2647383993,-75.9544944763|45.2609928318,-75.9546661377|45.2585762054,-75.9467697144|45.2543468619,-75.9397315979|45.25084231,-75.9318351746|45.2445577444,-75.9287452698|45.2433490944,-75.9249687195|45.2373658981,-75.9231233597|45.2314425176,-75.9177589417|45.2287828398,-75.9066009521|45.2250953534,-75.8983612061|45.2276343041,-75.8844566345"
22,1032,0,Area title,0,,n,"45.4395979813,-75.5985975266|45.4502265212,-75.5994987488|45.4548928111,-75.6013441086|45.4597694241,-75.6037902832|45.4643145293,-75.6053781509|45.4687689788,-75.5824184418|45.4752995285,-75.5678272247|45.4817390529,-75.5517339706|45.4874256845,-75.5384302139|45.4898927218,-75.5179166794|45.4914872128,-75.5039262772|45.4972029416,-75.4832839966|45.4888999027,-75.4781341553|45.4838452797,-75.474357605|45.4779175548,-75.4649591446|45.4737647668,-75.4551744461|45.4676854964,-75.4491662979|45.461123964,-75.4462051392|45.4558561261,-75.4434156418|45.4263772585,-75.4291677475|45.4186361269,-75.4438447952|45.4182144006,-75.4547452927|45.4205639788,-75.4706668854|45.4228833383,-75.4821681976|45.4252929615,-75.502038002|45.4219194602,-75.5136680603|45.4227628544,-75.5249977112|45.4183951408,-75.5348682404|45.4173106906,-75.5483007431|45.4174010622,-75.5659818649|45.4248712849,-75.5823755264"
23,1033,0,Area title,0,,n,"45.4138764608,-75.730304718|45.3920612142,-75.718460083|45.3884446137,-75.7256698608|45.3751817652,-75.7234382629|45.3607096547,-75.7406044006|45.3219785591,-75.8320999146|45.3540753666,-75.8478927612|45.4132739428,-75.7469558716"
24,1034,0,Area title,0,,n,"45.3900118357,-75.6939983368|45.393688609,-75.696144104|45.3988718503,-75.6983757019|45.4048380161,-75.7018089294|45.4114060962,-75.7060146332|45.4186361269,-75.7112503052|45.4261061862,-75.6995773315|45.4346593949,-75.700006485|45.4441748219,-75.6946849823|45.4560367459,-75.6865310669|45.4588663795,-75.6726264954|45.4612744664,-75.6593227386|45.4560367459,-75.6550312042|45.4566990133,-75.6504821777|45.4504372652,-75.6472206116|45.4432113074,-75.6416416168|45.4411637844,-75.6467056274|45.4380923605,-75.645160675|45.4327922557,-75.6419849396|45.424238764,-75.637178421|45.4206844673,-75.6352043152|45.406826598,-75.6273937225|45.4006798458,-75.6345176697|45.3979678308,-75.648765564|45.3951954142,-75.6508255005|45.3945926969,-75.6627559662|45.3888665624,-75.6770896912|45.3867567876,-75.6861019135|45.3850689111,-75.6894493103"
25,1035,0,Area title,0,,n,"45.512843022443,-75.455131530762|45.417973412643,-75.407066345215|45.37289059439,-75.455474853516|45.290346624736,-75.56396484375|45.246370671234,-75.736312866211|45.230414929593,-75.914154052734|45.38205472053,-75.962905883789|45.523187149386,-75.881195068359|45.546755030882,-75.677261352539"
26,1036,0,Area title,0,,n,"45.4929533044,-75.5049133301|45.4964428854,-75.4961585999|45.4999322501,-75.4887771606|45.5017370091,-75.4841423035|45.5055869683,-75.4777908325|45.4864548877,-75.4678344727|45.4822014276,-75.4576206207|45.4744172969,-75.4420852661|45.4611746332,-75.4383087158|45.4463030272,-75.4395961761|45.4406724687,-75.4485654831|45.4220002865,-75.465130806|45.4213978552,-75.4658174515|45.4240786252,-75.485086441|45.4273616419,-75.5033683777|45.4217593148,-75.5123806|45.4231750091,-75.5255556107|45.4340475627,-75.5320358276|45.4450986769,-75.5450820923|45.4620776413,-75.5601024628|45.4756415841,-75.5659389496|45.4853306247,-75.5477428436|45.4920096755,-75.5334091187|45.4937545223,-75.5194187164"
27,1037,0,Area title,0,,n,"45.3975158156,-75.7077312469|45.3961898836,-75.7069158554|45.3948940564,-75.6992769241|45.3938694277,-75.6971740723|45.3898912817,-75.6939125061|45.3865458058,-75.6912088394|45.3838331124,-75.6891489029|45.3878418244,-75.6849002838|45.3884144744,-75.6805229187|45.3895597569,-75.6784200668|45.3910968101,-75.6804800034|45.3925434102,-75.6821966171|45.3942611997,-75.6833553314|45.3965213695,-75.6846427917|45.3992033204,-75.6861877441|45.3970637968,-75.6800508499|45.401041438,-75.6783771515|45.4029096274,-75.6745147705|45.406344524,-75.6764030457|45.4099298512,-75.6784629822|45.4114060962,-75.6723690033|45.4160755969,-75.6696224213|45.4177625474,-75.6688928604|45.4224917648,-75.6687641144|45.429057792,-75.6733560562|45.432370635,-75.6761884689|45.4320694755,-75.677947998|45.4307443546,-75.6810808182|45.4296300242,-75.6839132309|45.428726497,-75.6858873367|45.4275217715,-75.6887626648|45.4264676156,-75.6911230087|45.4255640377,-75.693397522|45.4246002054,-75.6956720352|45.4255640377,-75.6996202469|45.4207748336,-75.7087182999|45.4175516813,-75.7161426544|45.4156538514,-75.7205200195|45.4127015448,-75.7234811783|45.4115266043,-75.7285881042|45.4123099007,-75.7335233688|45.4116471122,-75.7356262207|45.4096888279,-75.7419776917|45.4062240048,-75.7509899139|45.4026685741,-75.752491951|45.4018851441,-75.7501316071|45.401342763,-75.748500824|45.4004990489,-75.7479429245|45.3993539881,-75.747127533|45.3987513152,-75.7460546494|45.3980582334,-75.744638443|45.3974254122,-75.7428359985|45.3962802891,-75.7415914536|45.3945625609,-75.7404756546|45.392513273,-75.739274025|45.3910968101,-75.7383298874|45.3897707274,-75.7370853424|45.3896200343,-75.7357978821|45.3879322432,-75.7336521149|45.3866663669,-75.7325363159|45.388474753,-75.7285022736|45.3904337726,-75.7239532471|45.3920310769,-75.7201766968|45.3940502459,-75.7156705856|45.3960392075,-75.7111644745"
561,1038,0,Area title,0,0.00,n,"45.291366,-75.920073|45.291487,-75.896384|45.282912,-75.894496|45.284075,-75.904688|45.279561,-75.909988|45.28135,-75.924772|45.286037,-75.923807|45.290755,-75.923914"
562,1038,1,Area title,0,0.00,n,"45.292876,-75.89235|45.279077,-75.899774|45.279432,-75.910117|45.292287,-75.906383|45.293178,-75.916769|45.2872,-75.926682|45.278987,-75.921532"
29,1040,0,Area title,0,,n,"45.3416490621,-75.6059360504|45.3366415762,-75.6179523468|45.3325990657,-75.6309986115|45.3263838973,-75.6273078918|45.315701869271,-75.634818077104|45.307704117761,-75.644001960746|45.303297327114,-75.641512870766|45.2939091175,-75.636148452765|45.286481972744,-75.633058548019|45.279416225236,-75.62765121458|45.275309232609,-75.625934600788|45.272228793032,-75.624732971238|45.267275578789,-75.622930526768|45.263288531483,-75.621471404982|45.2564011538,-75.6260204315|45.241052588506,-75.653572082489|45.228359697847,-75.654001235928|45.2219517334,-75.645160675014|45.227029802355,-75.60121536257|45.219291611562,-75.589799880962|45.214998879734,-75.581817626985|45.213850065484,-75.574007034284|45.211491900504,-75.563621521008|45.179858855481,-75.544052124053|45.177015254109,-75.518732070874|45.178104309712,-75.484743118263|45.18566662108,-75.453157424944|45.225639423847,-75.458393096938|45.259361620284,-75.380544662502|45.283462530208,-75.397624969458|45.296626122609,-75.420541763307|45.297109132085,-75.440969467202|45.309364121235,-75.455303192104|45.321737160796,-75.470151901275|45.330969912755,-75.47667503359|45.338029237119,-75.48285484317|45.342252343779,-75.490064620935|45.336822577406,-75.494699478137|45.343096927245,-75.499763488813|45.346776751367,-75.504999160798|45.35286904889,-75.512380599946|45.3596240971,-75.5340957642|45.354195997,-75.5484294891|45.3513007973,-75.5567550659"
30,1042,0,Area title,0,,n,"45.2106151219,-76.1941337585|45.2232515205,-76.1748218536|45.2352202551,-76.1732769012|45.2382422642,-76.1894989014|45.2392999295,-76.2023305893|45.2346460552,-76.2133169174|45.2270600276,-76.21301651|45.220531002,-76.2131881714|45.2145756351,-76.2037467957"
31,1044,0,Area title,0,,n,"45.4220700672,-75.7064437866|45.4245399653,-75.7004356384|45.4299613139,-75.698633194|45.4391161871,-75.6973457336|45.4383332626,-75.6917667389|45.4375503272,-75.6857585907|45.4438737254,-75.6812095642|45.4438135059,-75.6709957123|45.4512200217,-75.6660175323|45.4561571587,-75.6579494476|45.4514608677,-75.6526279449|45.4441748219,-75.6486797333|45.4405615576,-75.6467056274|45.4327320243,-75.6419849396|45.427491653,-75.6389808655|45.4221303099,-75.6360626221|45.420082022,-75.6352901459|45.4197205517,-75.6436157227|45.4182746474,-75.6539154053|45.4171901948,-75.6570053101|45.416828706,-75.6653308868|45.416828706,-75.6723690033|45.4133341949,-75.6698799133|45.4080920228,-75.6716823578|45.4020056725,-75.6695365906|45.3974254122,-75.6726264954|45.3935077897,-75.6745147705|45.3892885079,-75.6772613525|45.3866362267,-75.6805229187|45.3836824034,-75.6850719452|45.3808489993,-75.689535141|45.3897707274,-75.6939125061|45.3935077897,-75.6960582733|45.399414255,-75.7030963898|45.3970035274,-75.7085037231|45.3941105185,-75.715713501|45.3915790142,-75.721206665|45.3898310046,-75.7249832153|45.3894693407,-75.7259273529|45.3955570415,-75.7291889191|45.4035122559,-75.7344245911|45.4109240613,-75.7371711731"
32,1046,0,Area title,0,,n,"45.4100614103,-75.7524490356|45.4024084374,-75.762834549|45.3934887041,-75.770816803|45.3749817939,-75.8032608032|45.3636455815,-75.8067798615|45.3551419321,-75.8101272583|45.3532721639,-75.8083248138|45.3506785121,-75.8066082001|45.3480244198,-75.8047199249|45.346878296,-75.8030891418|45.3447669546,-75.8013725281|45.3455511763,-75.7961368561|45.3478434544,-75.7905578613|45.3415093019,-75.7890987396|45.3355364518,-75.7855796814|45.3301663822,-75.7821464539|45.321174901,-75.7773399353|45.323226774,-75.7652378082|45.3285975017,-75.7470417023|45.3323386065,-75.7295322418|45.3384927897,-75.7145118713|45.3337263729,-75.7018089294|45.3331230004,-75.6964874268|45.3366828053,-75.6980323792|45.3413283157,-75.6977748871|45.3469989417,-75.698890686|45.3524880491,-75.7016372681|45.3565291396,-75.6984615326|45.3587606629,-75.6909942627|45.36316314,-75.6934833527|45.3679873781,-75.6964015961|45.3717861768,-75.6982898712|45.3749817939,-75.7010364532|45.3781772305,-75.7010364532|45.3817342022,-75.701379776|45.3857732038,-75.7007789612|45.3916804775,-75.7015514374|45.3941517057,-75.6954574585|45.3974063279,-75.6883335114|45.4034931738,-75.6917667389|45.4089165433,-75.6935691833|45.4148213979,-75.6982898712|45.4116882866,-75.7058429718|45.4211473428,-75.710735321|45.4162071417,-75.7252407074|45.4138573822,-75.7387161255|45.4115486994,-75.7466125488"
33,1048,0,Area title,0,,n,"45.4195207389,-75.7110786438|45.4148816483,-75.7074737549|45.4056419946,-75.7021522522|45.4009414987,-75.6992769241|45.4000977785,-75.7012081146|45.3974158696,-75.7073450089|45.3959091236,-75.7066583633|45.392383181,-75.7079458237|45.3807188809,-75.7030105591|45.3756244132,-75.7063579559|45.3759258737,-75.7010364532|45.3704691887,-75.6980323792|45.3737553218,-75.6906080246|45.3737854689,-75.6817245483|45.3685697771,-75.6686353683|45.3601271757,-75.6860160828|45.3531610811,-75.6922388077|45.3452289424,-75.6908655167|45.3352443286,-75.6926679611|45.3339471046,-75.6941270828|45.3200076131,-75.6994485855|45.3161751604,-75.7143831253|45.30995819,-75.7385015488|45.3280941428,-75.7490587234|45.3216370813,-75.7772541046|45.3174426144,-75.7883262634|45.3326498508,-75.8096122742|45.3463147761,-75.8058786392|45.359584394,-75.7938194275|45.3642581774,-75.7986688614|45.3718560205,-75.7866096497|45.3859635929,-75.7751512527|45.4111871727,-75.7536506653|45.4168507972,-75.7321929932"
34,1049,0,Area title,0,,n,"45.351602387526,-75.762920379639|45.358206810112,-75.766568183899|45.364961221231,-75.770301818848|45.369363215834,-75.772790908813|45.3703279908,-75.770516395569|45.375844981482,-75.774078369141|45.377683858777,-75.774936676025|45.380668138912,-75.771675109863|45.383622119672,-75.768070220947|45.386033418114,-75.764422416687|45.389137813401,-75.7594871521|45.391699564603,-75.754852294922|45.394411880495,-75.748672485352|45.395406363708,-75.746569633484|45.392181763609,-75.744724273682|45.389288507863,-75.743050575256|45.385551166654,-75.740776062012|45.389288507863,-75.726871490479|45.386033418114,-75.724940299988|45.383591977791,-75.723438262939|45.379432244025,-75.720992088318|45.377080954778,-75.719618797302|45.372830299169,-75.717215538025|45.375272204209,-75.707902908325|45.375513374294,-75.701465606689|45.369905903777,-75.69833278656|45.36680045242,-75.696787834167|45.363332999458,-75.696187019348|45.359895488489,-75.690865516663|45.357814788281,-75.693140029907|45.357000580415,-75.69721698761|45.354527729151,-75.702195167542|45.349732502326,-75.708160400391|45.34541946703,-75.717988014221|45.342704800788,-75.725069046021|45.340110664753,-75.741591453552|45.339658186992,-75.755152702332|45.344967031696,-75.758113861084"
35,1049,1,Area title,0,,n,"45.349219781076,-75.818023681641|45.35301983998,-75.81639289856|45.358568674007,-75.80849647522|45.362971166034,-75.806179046631|45.368307974373,-75.802917480469|45.373192069532,-75.804462432861|45.375121472383,-75.801544189453|45.375664105075,-75.786995887756|45.385671729905,-75.771374702454|45.392874917472,-75.764594078064|45.40293975894,-75.759787559509|45.405229712009,-75.753393173218|45.410170873417,-75.746355056763|45.411978507402,-75.739617347717|45.412611165629,-75.726056098938|45.414237968526,-75.720906257629|45.418515633992,-75.716485977173|45.418982542649,-75.712044239044|45.419012665656,-75.708181858063|45.420835077656,-75.704061985016|45.417928227295,-75.701401233673|45.415683976206,-75.699555873871|45.413409509943,-75.697603225708|45.411616985233,-75.696079730988|45.409492995757,-75.694320201874|45.407685282223,-75.693204402924|45.406706079903,-75.695371627808|45.405591275061,-75.698139667511|45.404551775049,-75.700392723083|45.403723174383,-75.701315402985|45.40099623911,-75.699663162231|45.399519721993,-75.702967643738|45.39768155493,-75.70723772049|45.390313219544,-75.707087516785|45.384556510024,-75.703053474426|45.377623568667,-75.700221061707|45.371805270573,-75.696573257446|45.367071809337,-75.694470405579|45.362307798745,-75.689835548401|45.358327431667,-75.690007209778|45.356789487575,-75.694427490234|45.356518081337,-75.697474479675|45.343489051073,-75.696187019348|45.338180067773,-75.69803237915|45.33424325591,-75.700671672821|45.334831532547,-75.703954696655|45.337290161064,-75.706143379211|45.339522442959,-75.708267688751|45.340035252044,-75.711250305176|45.338707971924,-75.715048313141|45.335902482017,-75.721185207367|45.334544937,-75.724489688873|45.332644319303,-75.729789733887|45.332614150254,-75.733995437622|45.331799579852,-75.737986564636|45.330547532132,-75.742192268372|45.329657505477,-75.74693441391|45.328616609104,-75.748929977417|45.327138201667,-75.752191543579|45.326067086461,-75.756998062134|45.324241618101,-75.763199329376|45.322793270776,-75.76779127121|45.32283853219,-75.772833824158|45.322099257894,-75.776824951172|45.325629582875,-75.779120922089|45.329883784766,-75.78156709671|45.333368371661,-75.783541202545|45.333775647045,-75.787854194641|45.333157190679,-75.79047203064|45.332900755572,-75.794162750244|45.332327543485,-75.800621509552|45.331799579852,-75.806994438171|45.333172275061,-75.810277462006|45.334167835386,-75.813131332397|45.337078994707,-75.811264514923|45.339507360268,-75.809633731842|45.34252381841,-75.807745456696|45.344228046208,-75.8136677742|45.345525034754,-75.81579208374|45.347726830986,-75.817015171051"
36,1050,0,Area title,0,,n,"45.399093836,-75.6575202942|45.3998170384,-75.6709957123|45.3895708087,-75.6786346436|45.3765493901,-75.6993198395|45.371846474,-75.6971740723|45.3648516705,-75.6898784637|45.3583988003,-75.6902217865|45.3565894513,-75.6996631622|45.3538753208,-75.7022380829|45.3501959582,-75.7006931305|45.3458527962,-75.6976890564|45.3392167664,-75.6985473633|45.3348124263,-75.6964015961|45.3317352192,-75.6982898712|45.3281751033,-75.7001781464|45.3243130297,-75.6982040405|45.3190022485,-75.696144104|45.3126045102,-75.6978607178|45.3089224654,-75.6957149506|45.3044554015,-75.6971740723|45.2973918929,-75.6988048553|45.2918974446,-75.698890686|45.2632089901,-75.7035255432|45.2469558324,-75.6964015961|45.261638256,-75.6571769714|45.275229708,-75.6261062622|45.2903878875,-75.5931472778|45.3056627499,-75.55727005|45.3380101319,-75.576581955|45.3567100763,-75.587053299|45.3793227213,-75.5996704102|45.3887269188,-75.6048202515|45.3930065163,-75.6060218811|45.3933078842,-75.6077384949|45.4016250037,-75.6233596802"
37,1051,0,Area title,0,,n,"45.4386755425,-75.6980323792|45.4463236008,-75.6957149506|45.4510805314,-75.6917667389|45.4578238466,-75.6824111938|45.4591483317,-75.6751155853|45.4607737935,-75.6559753418|45.4642051711,-75.6238746643|45.4663722488,-75.6004428864|45.4667936153,-75.5881690979|45.457763643,-75.5812168121|45.4538502049,-75.5835342407|45.4516826459,-75.5856800079|45.4486117947,-75.5866241455|45.4431922377,-75.5897140503|45.4375914818,-75.5958938599|45.4318094733,-75.6073093414|45.42566544,-75.6194972992|45.4208461225,-75.6329727173|45.4077716531,-75.626707077|45.4025892282,-75.6233596802|45.401383945,-75.6254196167|45.399093836,-75.6600952148|45.3980090152,-75.6621551514|45.3936092504,-75.663356781|45.3921626776,-75.6630992889|45.3921626776,-75.6725406647|45.3857129233,-75.6788063049|45.3822767724,-75.6864452362|45.3837235982,-75.6906509399|45.3910777237,-75.6962299347|45.3954776855,-75.7060146332|45.3992746375,-75.7087612152|45.4023481736,-75.7086753845|45.4072895871,-75.7115936279|45.4125920865,-75.7155418396|45.4179543354,-75.7204341888|45.4245208894,-75.7051563263|45.4317492409,-75.7029247284"
38,1052,0,Area title,0,,n,"45.4638249198,-75.6700515747|45.4679182464,-75.6231880188|45.4732150513,-75.5879974365|45.4616577442,-75.5835342407|45.4499776417,-75.5819892883|45.4391382695,-75.5799293518|45.4227548223,-75.5842208862|45.4061255808,-75.6242179871|45.4003403508,-75.6209564209|45.3975680506,-75.6597518921|45.3974475128,-75.6703948975|45.4002183103,-75.679063797|45.4047079524,-75.6810379028|45.410342099,-75.6825399399|45.4124509933,-75.6839561462|45.410552992,-75.6889772415|45.4081427397,-75.6945133209|45.4055516037,-75.7007360458|45.4051297796,-75.702624321|45.413445159,-75.7073020935|45.4175421426,-75.7112932205|45.4205845627,-75.7134819031|45.425373783,-75.7044696808|45.433565721,-75.7029676437|45.4429608918,-75.6996631622|45.4503374133,-75.6931829453|45.460171777,-75.681810379"
39,1053,0,Area title,0,,n,"45.4506685814,-75.5880832672|45.4539500515,-75.5901002884|45.4583752179,-75.5923318863|45.465569135,-75.5954647064|45.4643049985,-75.6189823151|45.4642147019,-75.6391954422|45.46171644,-75.6564044952|45.457893584,-75.6742143631|45.4574420484,-75.6862306595|45.4520233399,-75.6927967072|45.4474074946,-75.6976890564|45.4393982389,-75.7008647919|45.4331345692,-75.7026672363|45.4269304427,-75.6996631622|45.424409947,-75.6940841675|45.4224219841,-75.6889772415|45.4205243179,-75.6841278076|45.4181747381,-75.6787633896|45.416337178,-75.6814670563|45.4127221312,-75.6834840775|45.4126920053,-75.6809091568|45.4100709502,-75.679192543|45.4116375725,-75.6743431091|45.4136861667,-75.6719827652|45.4160961821,-75.6640863419|45.4139874243,-75.6617689133|45.4103420995,-75.6645154953|45.4050996497,-75.6664466858|45.4041655989,-75.6639146805|45.4046175609,-75.6543445587|45.4045572995,-75.6454181671|45.4044970381,-75.6402254105|45.4054913438,-75.6289815903|45.4076606773,-75.6235742569|45.4110049033,-75.6145620346|45.4168492909,-75.6000995636|45.4192290488,-75.5946922302|45.4282556532,-75.6007003784|45.4351823836,-75.5969238281|45.4431922377,-75.5873966217|45.4479494333,-75.5846500397"
40,1054,0,Area title,0,,n,"45.4622597458,-75.673828125|45.4644268982,-75.6568336487|45.4675570824,-75.6389808655|45.466291486,-75.5958509445|45.4585558296,-75.5916452408|45.4497051778,-75.5870103836|45.4466342185,-75.5857229233|45.4377214698,-75.5919885635|45.431668429,-75.6047344208|45.4233858541,-75.6155061722|45.4219400437,-75.6231021881|45.4200122388,-75.6289815903|45.4189278196,-75.6366205215|45.4190181887,-75.6417274475|45.4182952322,-75.648765564|45.416457676,-75.6550741196|45.4160961825,-75.6624555588|45.4142585548,-75.6712532043|45.4120292212,-75.6783771515|45.4115773186,-75.6833553314|45.4151321886,-75.6820249557|45.4177831324,-75.6803941727|45.4205243184,-75.684428215|45.4232051298,-75.6906080246|45.4247713877,-75.6942558289|45.4305541173,-75.7022380829|45.4331139907,-75.7022380829|45.4397390063,-75.7005643845|45.4475374591,-75.6964874268|45.45148144,-75.6928396225|45.4576828679,-75.6858444214|45.458676237,-75.6790208817"
41,1055,0,Area title,0,,n,"45.4654693089,-75.6479072571|45.4652887194,-75.6317710876|45.4651683261,-75.6132316589|45.4664926386,-75.5961513519|45.4715488184,-75.5824184418|45.4710071065,-75.5653381348|45.4600513718,-75.5716896057|45.4555962335,-75.5809593201|45.4454203408,-75.5880832672|45.440301594441,-75.591387748686|45.433586300318,-75.601515769929|45.429249541561,-75.609712600695|45.425063048775,-75.618553161671|45.4227738998,-75.6216430664|45.4202436798,-75.635204315215|45.417894087282,-75.662755966229|45.421749775847,-75.667304992686|45.4251835277,-75.669107437093|45.427532815936,-75.669836998013|45.430695164828,-75.670309066754|45.431448078024,-75.670394897475|45.435483526477,-75.677433013886|45.437230123633,-75.689535140991|45.442951356412,-75.696315765363|45.457703437324,-75.683097839306"
42,1056,0,Area title,0,,n,"45.4607737935,-75.6621551514|45.460352382,-75.6508255005|45.4556564404,-75.6439590454|45.4543920816,-75.6443881989|45.4525255954,-75.6457614899|45.450056922,-75.6455898285|45.4472268463,-75.642414093|45.4444568476,-75.6382083893|45.4454805586,-75.6355476379|45.4470461984,-75.6303119659|45.447648356,-75.6219005585|45.4466849008,-75.613489151|45.4460225158,-75.6012153625|45.447648356,-75.5945205688|45.4469859823,-75.5933189392|45.4446375038,-75.5932331085|45.4426502534,-75.5952072144|45.4384948672,-75.5989837646|45.436447173,-75.6031894684|45.4333754924,-75.6119441986|45.4292194231,-75.6226730347|45.4262678258,-75.6299686432|45.4253642447,-75.6325435638|45.4239184859,-75.6367492676|45.4194002479,-75.6341743469|45.419159265,-75.6422424316|45.418315817,-75.651512146|45.4166891315,-75.6599235535|45.41674938,-75.6669616699|45.4165686345,-75.6719398499|45.4171108693,-75.6758022308|45.4192195108,-75.6785488129|45.4256654409,-75.6839561462|45.4310264483,-75.6885051727|45.4347005525,-75.6919384003|45.440542487,-75.6974315643|45.447829002,-75.6987190247|45.4551145758,-75.6882476807|45.4609543975,-75.6717681885"
43,1057,0,Area title,0,,n,"45.4838864006,-75.5546092987|45.4796136901,-75.5690288544|45.475761955,-75.5761528015|45.4696227081,-75.5670547485|45.4640847745,-75.5655956268|45.4595095495,-75.5726337433|45.4554156123,-75.5785560608|45.4483709366,-75.5800151825|45.4392175659,-75.5860233307|45.4283158902,-75.5867958069|45.4258461573,-75.584821701|45.4227738998,-75.5825901031|45.4237980042,-75.5680847168|45.4301229434,-75.549287796|45.4309662151,-75.5292892456|45.4299422407,-75.5210494995|45.4289784831,-75.5167579651|45.4372301246,-75.4967594147|45.4391573415,-75.4934978485|45.4406027109,-75.4804515839|45.4448181604,-75.4688644409|45.4509601086,-75.4510974884|45.4530072761,-75.4432868958|45.4624594091,-75.4488658905|45.4696829001,-75.4529857635|45.4745582338,-75.4411411285|45.4873163703,-75.4492950439|45.4961611188,-75.4601097107|45.4965220994,-75.4649162292|45.499470021,-75.4682636261|45.5027185722,-75.4792499542|45.5072902897,-75.4861164093|45.5049443231,-75.4998493195|45.5000716187,-75.5116939545|45.4940553525,-75.5320358276"
44,1058,0,Area title,0,,n,"45.4718908967,-75.6412124634|45.4676774707,-75.6714248657|45.4611761383,-75.6800079346|45.4557577886,-75.6909942627|45.4578047819,-75.7036972046|45.4574435532,-75.7186317444|45.4679182464,-75.7270431519|45.4752614108,-75.7357978821|45.4823629056,-75.7445526123|45.488982137,-75.7505607605|45.5009770104,-75.7648086548|45.5168566093,-75.7795715332|45.5324912297,-75.7922744751|45.5339342064,-75.7668685913|45.5357378751,-75.7472991943|45.5339342064,-75.7265281677|45.5352949813,-75.7189750671|45.5338520396,-75.7097053528|45.5331305548,-75.7002639771|45.5363771633,-75.6837844849|45.5389021737,-75.6609535217|45.5397438187,-75.63829422|45.541787761,-75.6285095215|45.5385414649,-75.6223297119|45.5357759518,-75.6099700928|45.532769809,-75.5806159973|45.5326495598,-75.5330657959|45.5277792539,-75.529718399|45.5014963779,-75.5248260498|45.4927126357,-75.5352973938|45.4817611205,-75.5644798279"
45,1059,0,Area title,0,,n,"45.5517659403,-75.6813812256|45.5529680113,-75.660610199|45.5548912713,-75.6422424316|45.5554922784,-75.6326293945|45.556333675,-75.6195831299|45.5575356482,-75.6120300293|45.5584972083,-75.604133606|45.5588577891,-75.5952072144|45.5500829996,-75.5941772461|45.5368581264,-75.5914306641|45.5242314817,-75.5904006958|45.5149701407,-75.5879974365|45.5157710453,-75.5635356903|45.515951473,-75.5613899231|45.5097564568,-75.5601882935|45.5045833965,-75.5528926849|45.4991692197,-75.5533218384|45.4926113529,-75.5432796478|45.4870756775,-75.5459403992|45.4800349576,-75.5721187592|45.4747387937,-75.5924606323|45.4726322264,-75.6179523468|45.4705667111,-75.6345176697|45.4650288702,-75.6722831726|45.4528677892,-75.6928825378|45.4578047819,-75.7054138184|45.457563963,-75.7188034058|45.4673764996,-75.728931427|45.480136262,-75.7406044006|45.4881397326,-75.7486724854|45.49030589,-75.7433509827|45.4952396042,-75.743522644|45.4971838902,-75.73554039|45.4973042152,-75.7306480408|45.4988082552,-75.7202625275|45.514447891,-75.7194042206|45.5330103064,-75.7230949402|45.5369783666,-75.6916809082|45.5481595751,-75.688419342"
46,1060,0,Area title,0,,n,"45.333081768716,-75.807895660423|45.31171822467,-75.801200866655|45.3037500954,-75.8230018616|45.3520246111,-75.8506393433|45.3579354107,-75.8461761475|45.3923023127,-75.7653236389|45.3699963513,-75.7527923584|45.349732502276,-75.790214538616|45.343217581023,-75.787467956555"
47,1061,0,Area title,0,,n,"45.4881683143,-75.5412197113|45.4912670955,-75.5356407166|45.495629169,-75.5270147324|45.4959600711,-75.5174875259|45.4957795793,-75.5044412613|45.4985169763,-75.4978752136|45.5006827346,-75.4865026474|45.4996600258,-75.4841852188|45.4976747145,-75.4832410812|45.4937640481,-75.4807090759|45.4894620014,-75.4776620865|45.4899734503,-75.4744434357|45.4877170212,-75.466375351|45.4852498887,-75.4599380493|45.4812180004,-75.4533720016|45.4767645348,-75.4444026947|45.474387203,-75.440454483|45.4690905087,-75.4402828217|45.4591578643,-75.4437589645|45.4500062432,-75.4424285889|45.4425694576,-75.4383087158|45.441214472,-75.4369354248|45.4324514464,-75.4320859909|45.4288976668,-75.4199409485|45.4204941962,-75.4155635834|45.412963142,-75.4113578796|45.412752258,-75.4174518585|45.4132041512,-75.4318284988|45.4133547815,-75.4433298111|45.4091068534,-75.4541873932|45.4077811934,-75.4609680176|45.4110952851,-75.4753017426|45.4161263071,-75.4873180389|45.4192591721,-75.4977035522|45.4220304079,-75.5156850815|45.4197617202,-75.5301475525|45.4180145825,-75.5493736267|45.4162673906,-75.5639648438|45.4298820063,-75.5760669708|45.4389766677,-75.5790710449|45.4472268473,-75.5853366852|45.456258507,-75.5761528015|45.4612554038,-75.570230484|45.4734748637,-75.5632781982|45.4805765836,-75.5612182617|45.4849093968,-75.5498027802"
48,1062,0,Area title,0,,n,"45.4167287942,-75.7215070724|45.4198917488,-75.7190179825|45.422331621,-75.7121515274|45.4247412678,-75.7073450089|45.4267592678,-75.704126358|45.4271508117,-75.7002210617|45.429439783241,-75.697431564293|45.43016259702,-75.695242881808|45.431638313226,-75.692238807715|45.433565721093,-75.688848495457|45.430704701363,-75.687432289111|45.428957902195,-75.68520069123|45.426277363953,-75.683355331423|45.423747300968,-75.681552886977|45.42136773351,-75.679492950415|45.4184157256,-75.6783342361|45.4191085576,-75.6763601303|45.4188374504,-75.6744718552|45.4184458489,-75.6727552414|45.4186567116,-75.6699228287|45.418988065646,-75.663785934457|45.415373188566,-75.66387176518|45.414439307721,-75.669064521834|45.413234277359,-75.671510696388|45.4112459205,-75.6730985641|45.4069677044,-75.6712532043|45.4033219265,-75.6690645218|45.3998265796,-75.6706953049|45.3975062731,-75.6730985641|45.3937393388,-75.674943924|45.3912379561,-75.676445961|45.3885556272,-75.6791496277|45.3878322807,-75.6836557388|45.3851196491,-75.6854581833|45.3835522914,-75.6872606277|45.3830097345,-75.6906509399|45.3807490243,-75.6968736649|45.3788198134,-75.6997489929|45.3763685159,-75.7008647919|45.3653340985,-75.7078170776|45.3730523872,-75.7316350937|45.3745692885,-75.7412052155|45.3695948643,-75.7551527023|45.368780826,-75.7611179352|45.3754736823,-75.7672977448|45.3843058342,-75.7666540146|45.3981390934,-75.7645082474|45.407751064,-75.760602951|45.4135656633,-75.7442092896"
49,1063,0,Area title,0,,n,"45.440461184601,-75.695428850013|45.419981612569,-75.678606035071|45.412751754157,-75.670022966224|45.401905230933,-75.66967964347|45.392503226101,-75.673456193763|45.384546461672,-75.687532426673|45.376588577183,-75.700235368568|45.369594360109,-75.700922014075|45.351260583941,-75.731134416419|45.360669448008,-75.739717485267|45.372970986691,-75.764780046302|45.392503226101,-75.777139665443|45.414197799892,-75.748987199622|45.425764832827,-75.705041887122"
50,1063,1,Area title,0,,n,"45.44096304405,-75.69954872306|45.425784914872,-75.708818437415|45.418314813103,-75.740404130775|45.405782100298,-75.767183305579|45.378537963,-75.789842607337|45.356588447269,-75.821084977943|45.343318126882,-75.813188554603|45.34283551115,-75.79361915763|45.340663689445,-75.787782670814|45.33535444121,-75.783319475013|45.345731143828,-75.744180681068|45.361172016706,-75.712251664954|45.36864967499,-75.694055558997|45.364066711359,-75.677232744056|45.376608676714,-75.646677018958|45.388183407043,-75.6240177172|45.405541059334,-75.625047685462|45.427471575255,-75.639123918372|45.444335407286,-75.649080278236|45.434699548937,-75.671052934485|45.439758579755,-75.691308976966"
51,1064,0,Area title,0,,n,"45.4403111302,-75.7023239136|45.44214791,-75.7163572311|45.4420876886,-75.7256698608|45.4534287425,-75.728931427|45.4649275396,-75.7303905487|45.4613758054,-75.7648944855|45.454553642,-75.7682418823|45.4407040871,-75.7548522949|45.4352837704,-75.757598877|45.4313085406,-75.7809448242|45.4266101807,-75.8003425598|45.416850799,-75.8048057556|45.4080538616,-75.7946777344|45.3961215791,-75.7828330994|45.4087769492,-75.7629203796|45.403112515,-75.7610321045|45.3893708893,-75.7742500305|45.3809313912,-75.7874679565|45.3577765913,-75.8190536499|45.3515832869,-75.8205986023|45.3449479289,-75.8169937134|45.3377084693,-75.8114147186|45.332157591,-75.8060932159|45.3305284253,-75.7987976074|45.3181573056,-75.7907295227|45.3162863158,-75.7897853851|45.3205110438,-75.7781124115|45.3237095569,-75.7622337341|45.3270285777,-75.7502174377|45.3296233131,-75.7440376282|45.3331833379,-75.7266139984|45.3385531206,-75.7138252258|45.3355364509,-75.7055854797|45.3328213108,-75.6987190247|45.3326402968,-75.6960582733|45.333605698,-75.6926250458|45.3378291345,-75.6813812256|45.3527896321,-75.6465339661|45.3572528856,-75.6364917755|45.3652737943,-75.6166648865|45.3727509113,-75.5987262726|45.3744391556,-75.5945205688|45.3913791019,-75.6043052673|45.3962009342,-75.6039619446|45.4171108693,-75.5957221985|45.423316075,-75.5958080292|45.4312071475,-75.6037044525|45.4375914828,-75.6095409393|45.4471666313,-75.614862442|45.4639643796,-75.6244754791|45.4623992094,-75.6585502625|45.4596299558,-75.681552887|45.4455407773,-75.6969165802"
52,1065,0,Area title,0,,n,"45.4265087783,-75.7037830353|45.4239787257,-75.7080745697|45.421508803,-75.7139110565|45.4190990182,-75.7206916809|45.4137368781,-75.7395744324|45.407410104,-75.752363205|45.4017455327,-75.7497024536|45.3893899762,-75.7347679138|45.3927051468,-75.7177734375|45.3989733014,-75.7033538818|45.3939106151,-75.6963157654|45.3839647322,-75.6997489929|45.3786595458,-75.7009506226|45.3837235982,-75.6890201569|45.3889680315,-75.6783771515|45.4018660614,-75.6686782837|45.413013854,-75.6709957123|45.4181350755,-75.6635284424|45.4340380259,-75.6717681885|45.4380130635,-75.692024231|45.4347607808,-75.702753067|45.431448078,-75.7037830353"
53,1066,0,Area title,0,,n,"45.4178940873,-75.7260131836|45.4152431487,-75.7399177551|45.4099408981,-75.7491874695|45.4046984111,-75.7536506653|45.4015044736,-75.7614612579|45.4037944848,-75.7635641098|45.3975569994,-75.7684993744|45.3933681566,-75.7712030411|45.3823973417,-75.7783699036|45.3776346219,-75.7754945755|45.373806069,-75.7736063004|45.3686808287,-75.7701301575|45.3693742707,-75.7560539246|45.3656959159,-75.7510757446|45.3632837501,-75.7466125488|45.3630425279,-75.7424926758|45.363947106,-75.73802948|45.367143166,-75.730047226|45.3730523863,-75.7161426544|45.3758861811,-75.7083320618|45.3777552021,-75.6996631622|45.3839044479,-75.687046051|45.3934284299,-75.6952857971|45.3941517048,-75.690908432|45.3962009332,-75.686788559|45.397526865,-75.6811237335|45.4018057961,-75.6794071198|45.4052407599,-75.6810379028|45.4107242174,-75.6824111938|45.4147611474,-75.6650733948|45.4186170499,-75.6642150879|45.4207256352,-75.6773471832|45.4277135263,-75.6823253632|45.4260871117,-75.6985473633|45.4221714767,-75.7103061676|45.4192195108,-75.7186317444"
54,1068,0,Area title,0,,n,"45.417431186086,-75.66198348999|45.428696379149,-75.669107437134|45.433033180329,-75.671253204346|45.43761055339,-75.657520294189|45.441224006699,-75.646705627441|45.44405438349,-75.637693405151|45.447005050659,-75.627479553223|45.458926582878,-75.627737045288|45.4632610607,-75.615978240967|45.464886403972,-75.598726272583|45.461394868043,-75.5859375|45.450617902301,-75.58482170105|45.447366346237,-75.576410293579|45.44284998519,-75.56619644165|45.435803739957,-75.543966293335|45.413093186187,-75.552549362183|45.409477931716,-75.569801330566|45.408092022812,-75.58310508728|45.398148635834,-75.591259002686|45.392905054403,-75.607309341431|45.389167952326,-75.617523193359|45.401704350976,-75.624217987061|45.409236906524,-75.630397796631|45.413093186187,-75.642585754395|45.414780225745,-75.654859542847"
55,1068,1,Area title,0,,n,"45.471086357215,-75.57186126709|45.480475279082,-75.550403594971|45.489140587755,-75.531177520752|45.491186368906,-75.504741668701|45.501895422116,-75.485858917236|45.489140587755,-75.476245880127|45.483363863406,-75.45581817627|45.460010233574,-75.441741943359|45.453026341501,-75.436935424805|45.436285562529,-75.42989730835|45.423425512487,-75.410349369049|45.416105721472,-75.411357879639|45.412731671154,-75.429639816284|45.416828706027,-75.450668334961|45.420202511561,-75.468864440918|45.422792975415,-75.481481552124|45.426106186177,-75.496673583984|45.427672363576,-75.50929069519|45.421829095773,-75.51212310791|45.421648366508,-75.522594451904|45.40501879916,-75.521650314331|45.394291335887,-75.523366928101|45.390735154249,-75.532808303833|45.389710450217,-75.550661087036|45.391759839703,-75.569286346436|45.397124066216,-75.582504272461|45.378980080609,-75.587568283081|45.374096485314,-75.596237182617|45.368669773663,-75.609283447266|45.36523258697,-75.619668960571|45.370418437609,-75.622758865356|45.375181765162,-75.625333786011|45.380095410494,-75.627522468567|45.383742687037,-75.630311965942|45.382205433874,-75.634088516235|45.39380915488,-75.649280548096|45.393718745483,-75.640439987183|45.399143053286,-75.649881362915|45.398751315167,-75.657992362976|45.398841716512,-75.662069320679|45.399203320448,-75.669665336609|45.404958538201,-75.667991638184|45.409598443927,-75.668206214905|45.416497339255,-75.673570632935|45.419569938379,-75.681080818176|45.423184546819,-75.687689781189|45.427582008368,-75.688676834106|45.429509554754,-75.684084892273|45.43170808199,-75.678634643555|45.433454796003,-75.674815177917|45.437279308592,-75.678634643555|45.440772337691,-75.68253993988|45.448359897143,-75.686402320862|45.453718748736,-75.688676834106|45.457030144047,-75.678849220276|45.459348005068,-75.667133331299|45.460943360539,-75.656361579895|45.463441656711,-75.645117759705|45.463772747895,-75.634174346924|45.463441656711,-75.621943473816|45.464374726885,-75.613210201263|45.465503420166,-75.601687431335|45.466165576372,-75.595142841339|45.466963163295,-75.587718486786|45.469205375503,-75.583426952362"
56,1069,0,Area title,0,,n,"45.4653900503,-75.630569458|45.4662327949,-75.6007003784|45.4720112757,-75.5828475952|45.4742984274,-75.5699729919|45.4661124036,-75.5646514893|45.4532290472,-75.572719574|45.4452808361,-75.5728912354|45.4417880861,-75.5637931824|45.4401018536,-75.5459403992|45.438174669,-75.5371856689|45.4326336465,-75.545425415|45.4260077968,-75.5605316162|45.4237186861,-75.5813026428|45.420706557,-75.5893707275|45.4107051358,-75.6132316589|45.4074512796,-75.6140899658|45.3935901631,-75.5998420715|45.3880447662,-75.6250762939|45.3910586374,-75.6554603577|45.3919024925,-75.6705665588|45.3990144832,-75.6717681885|45.4068486931,-75.6702232361|45.4137177985,-75.6678199768|45.4145613152,-75.6703948975|45.4134767914,-75.6750297546|45.4107051358,-75.6727981567|45.4145613152,-75.6796646118|45.4208270452,-75.6863594055|45.4255258865,-75.6978607178|45.4309471404,-75.7061004639|45.4428720662,-75.7026672363|45.451422734,-75.6945991516|45.4635841266,-75.660610199|45.4655104432,-75.6465339661"
57,1070,0,Area title,0,,n,"45.3606714596,-75.8298683167|45.3660989386,-75.8501243591|45.3683903845,-75.8767318726|45.3657371229,-75.883769989|45.3418521678,-75.8961296082|45.3369050334,-75.8937263489|45.3244749596,-75.8872032166|45.3090240761,-75.8787918091|45.2973123974,-75.873298645|45.2895837814,-75.8688354492|45.2855982994,-75.8669471741|45.2731569693,-75.8599090576|45.2692911463,-75.8581924438|45.2704992443,-75.8501243591|45.2758145699,-75.8369064331|45.2812501853,-75.8255767822|45.2865645039,-75.8108139038|45.304074076,-75.8200836182|45.3140943617,-75.7955360413|45.3195263071,-75.7797431946|45.3220610368,-75.7747650146|45.3400422907,-75.7862663269|45.3498149395,-75.7632637024|45.3653753048,-75.7691001892|45.3700787608,-75.7740783691|45.3621188401,-75.7915878296|45.3619982266,-75.8118438721"
58,1071,0,Area title,0,,n,"45.36929337,-75.783905983|45.3720972051,-75.7805156708|45.3775235879,-75.7756662369|45.3704993376,-75.7711172104|45.3762574785,-75.7579851151|45.3822561744,-75.7436513901|45.3844264001,-75.7397460938|45.3862047174,-75.7348537445|45.389761184,-75.7267856598|45.3867472437,-75.7160139084|45.3807791677,-75.7051563263|45.3739663513,-75.7016372681|45.367213015,-75.6964015961|45.3584686591,-75.6927967072|45.3525277573,-75.7036542892|45.3445955298,-75.6980323792|45.3389548288,-75.6984615326|45.3337660942,-75.6997919083|45.3300250836,-75.7012939453|45.3227837161,-75.700006485|45.3195247987,-75.6994915009|45.313036581,-75.7009077072|45.3089320225,-75.7006502151|45.3068192662,-75.7065296173|45.3056119415,-75.7123661041|45.3019898133,-75.7226228714|45.2996257472,-75.726442337|45.2955202176,-75.7370853424|45.2915351545,-75.747385025|45.288576366,-75.7551956177|45.2872478801,-75.7577705383|45.3008140825,-75.7663536072|45.3166293362,-75.7752799988|45.3201298263,-75.778799057|45.3162863158,-75.7896137238|45.3274509846,-75.7973384857|45.3326402977,-75.8006858826|45.3371051401,-75.8064365387|45.3407853536,-75.8083248138|45.3449479298,-75.804977417|45.3478434544,-75.8042907715|45.3571322627,-75.7957077026|45.3646707589,-75.7898712158"
59,1072,0,Area title,0,,n,"45.3489704562,-75.7000923157|45.3548815748,-75.7014656067|45.3572940988,-75.6935691833|45.3621188383,-75.6903076172|45.3654959111,-75.6940841675|45.372008268,-75.6992340088|45.3763494227,-75.7026672363|45.3753847505,-75.710735321|45.3733347673,-75.7151985168|45.379725646,-75.7203483582|45.3850307325,-75.7230949402|45.389732552,-75.7260131836|45.394072346,-75.7467842102|45.3909380838,-75.7567405701|45.3835839401,-75.7696151733|45.373817123,-75.7859230042|45.3699581625,-75.7860946655|45.3645310537,-75.7896995544|45.3557259699,-75.7970809937|45.3488498147,-75.8042907715|45.344989151,-75.8044624329|45.3344916402,-75.8121871948|45.3306299973,-75.8078956604|45.3198884183,-75.804977417|45.3118007172,-75.7998275757|45.3084204405,-75.7967376709|45.2999688684,-75.7907295227|45.2952595879,-75.791759491|45.2878930058,-75.8029174805|45.2783512562,-75.8006858826|45.2732777739,-75.7900428772|45.268203838,-75.7838630676|45.2578129349,-75.769443512|45.2614378845,-75.7550239563|45.2692911482,-75.7467842102|45.2747273865,-75.7340812683|45.275452179,-75.7155418396|45.2706200545,-75.7073020935|45.2770225309,-75.7011222839|45.2923613747,-75.6983757019|45.3092655286,-75.6964874268|45.318681372,-75.6970024109|45.3301472734,-75.6980323792|45.3373876997,-75.6982040405"
60,1074,0,Area title,0,,n,"45.4017646154,-75.7595729828|45.3787389253,-75.7451534271|45.3702978418,-75.7544231415|45.3585385188,-75.746011734|45.3513007973,-75.762834549|45.3367622437,-75.7534790039|45.333926489,-75.7837772369|45.3268666532,-75.7800006866|45.3245735258,-75.7942485809|45.3354348869,-75.8007717133|45.3327197419,-75.8098697662|45.3158225814,-75.8126163483|45.276275610501,-75.910549163792|45.292580756538,-75.938358306897|45.309062305992,-75.950202941897|45.347289494751,-75.946297645563|45.370539033129,-75.888490676869|45.3758449815,-75.8006858826"
61,1075,0,Area title,0,,n,"45.439097116,-75.6782054901|45.4412049364,-75.6750297546|45.4432524579,-75.6716823578|45.4465644677,-75.669708252|45.4492741493,-75.6656742096|45.4497558568,-75.6591510773|45.4501171348,-75.6541728973|45.4512009557,-75.6472206116|45.4605931899,-75.6370925903|45.462700207,-75.6270503998|45.4577034383,-75.6208705902|45.4537899969,-75.6186389923|45.4479494333,-75.6152915955|45.4395186864,-75.6105709076|45.4341584857,-75.6075668335|45.4293398932,-75.6013011932|45.4217497758,-75.5956363678|45.4187977879,-75.5947780609|45.414821397,-75.6045627594|45.4016250028,-75.6108283997|45.3950557862,-75.6215572357|45.4037944857,-75.6298828125|45.4107844722,-75.6482505798|45.4100614103,-75.6552886963|45.4083742297,-75.6670475006|45.4104229424,-75.6726264954|45.4157853963,-75.66447258|45.4224726881,-75.6679058075|45.4350016971,-75.6727981567"
62,1076,0,Area title,0,,n,"45.3518848756,-75.7009506226|45.3477228096,-75.6999206543|45.3439827211,-75.6968307495|45.3386134524,-75.6985473633|45.3348124263,-75.6973457336|45.32739064,-75.6994056702|45.3186401307,-75.6964874268|45.3120612718,-75.6980323792|45.3085602832,-75.7026672363|45.3059042176,-75.7119369507|45.301316173,-75.7238674164|45.2972107658,-75.7332229614|45.2882140548,-75.7555389404|45.2873082665,-75.7573413849|45.2957617275,-75.7622337341|45.309767546,-75.7705593109|45.3210954388,-75.7771682739|45.315905068,-75.7915878296|45.3348536558,-75.7999992371|45.3383530199,-75.7960510254|45.3457130455,-75.7996559143|45.357052851,-75.7751083374|45.3667019597,-75.7584571838|45.3755053354,-75.7472991943|45.3841867747,-75.739402771|45.3908175317,-75.7328796387|45.3951572424,-75.7301330566|45.3985323425,-75.7254981995|45.4017867125,-75.715713501|45.4033535645,-75.7083320618|45.3997376866,-75.7059288025|45.3967242783,-75.7021522522|45.3939518006,-75.7018089294|45.3834633724,-75.7004356384|45.3744200618,-75.7021522522|45.366460752,-75.694770813|45.3615157683,-75.6932258606"
